InvoiceNo,Date,StoreID,City,ProductID,Category,Quantity,UnitPrice,Discount,CostPerUnit,CustomerType,PaymentMode
INV100001,2023-11-28,S038,Lucknow,P9313,Clothing,5,1002.8,0.0,615.97,New,Card
INV100002,2024-03-20,S008,Ahmedabad,P2013,Clothing,4,1180.99,20.0,631.72,,Digital
INV100003,2023-02-20,S008,Ahmedabad,P6054,Clothing,2,4405.57,0.0,2237.69,,Cash
INV100004,2023-07-05,S005,Chennai,P1976,Accessories,1,1705.61,15.0,724.0,,Card
INV100005,2024-11-27,S016,Nagpur,P4999,Accessories,9,1324.32,10.0,708.1,New,Digital
INV100006,2024-06-21,S008,Ahmedabad,P7850,Shoes,4,5430.78,,3059.41,New,Digital
INV100007,2023-06-05,S021,Kota,P6737,Clothing,4,4840.48,15.0,2253.36,,Digital
INV100008,2024-04-12,S004,Hyderabad,P8301,Shoes,1,6679.15,15.0,4036.22,Returning,Digital
INV100009,2024-11-15,S004,Hyderabad,P5709,Clothing,8,2739.12,0.0,1324.66,New,Digital
INV100010,2024-02-12,S018,Nagpur,P8053,Shoes,4,4079.74,10.0,2189.19,,Card
INV100011,2024-03-01,S010,Surat,P4822,Accessories,3,1136.97,0.0,450.41,New,Digital
INV100012,2024-08-26,S037,Kota,P3056,Clothing,2,817.19,10.0,436.21,,Cash
INV100013,2024-09-24,S044,Chandigarh,P7428,Accessories,6,418.78,20.0,221.91,Returning,Card
INV100014,2023-04-17,S011,Indore,P6571,Accessories,4,436.95,5.0,158.82,,Card
INV100015,2023-01-01,S014,Thiruvananthapuram,P7164,Clothing,5,1226.15,0.0,640.94,New,Digital
INV100016,2023-12-22,S031,Bhopal,P6109,Clothing,8,1284.48,,703.4,New,Card
INV100017,2023-12-17,S034,Kota,P3401,Clothing,7,3706.64,5.0,2050.76,,Digital
INV100018,2023-01-28,S034,Kota,P3736,Clothing,5,3500.25,25.0,1638.82,Returning,Digital
INV100019,2024-06-29,S049,Mysore,P4922,Accessories,5,1025.26,20.0,404.58,Returning,Digital
INV100020,2023-08-21,S018,Bhopal,P5246,Clothing,2,2293.36,0.0,1045.3,New,Digital
INV100021,2023-12-19,S006,Kolkata,P2673,Shoes,10,5394.14,,3111.85,New,Digital
INV100022,2023-12-12,S042,Kota,P2389,Clothing,6,4938.05,0.0,2824.82,,Card
INV100023,2024-02-02,S022,Indore,P7485,Accessories,6,1351.67,20.0,521.34,Returning,Card
INV100024,2023-03-28,S030,Nagpur,P8771,Clothing,6,4971.07,15.0,2264.37,,Cash
INV100025,2023-06-09,S007,Pune,P3281,Clothing,5,889.87,20.0,542.71,Returning,Cash
INV100026,2023-07-19,S021,Hubli,P9918,Clothing,2,1693.68,20.0,931.92,Returning,Cash
INV100027,2023-03-04,S027,Chandigarh,P3142,Clothing,6,2724.28,25.0,1543.77,,Card
INV100028,2024-06-06,S010,Surat,P3319,Shoes,1,5703.74,20.0,3615.5,Returning,Digital
INV100029,2023-05-04,S050,Indore,P1930,Clothing,5,3665.79,10.0,2038.71,New,Card
INV100030,2023-02-13,S029,Kota,P9282,Clothing,1,3159.26,30.0,1901.87,,Digital
INV100031,2024-12-10,S045,Chandigarh,P5253,Clothing,7,3039.8,30.0,1658.54,,Cash
INV100032,2023-07-27,S016,Patna,P2198,Clothing,4,1310.81,0.0,705.77,New,Digital
INV100033,2023-05-06,S009,Jaipur,P4597,Shoes,2,4932.06,5.0,2863.36,,Cash
INV100034,2024-02-12,S033,Patna,P6556,Clothing,4,3604.9,15.0,1783.5,Returning,Card
INV100035,2023-11-23,S002,Delhi,P6431,Accessories,4,342.86,10.0,157.99,,Digital
INV100036,2024-06-08,S006,Kolkata,P5455,Clothing,1,4657.9,25.0,2308.97,New,Cash
INV100037,2023-07-05,S017,Patna,P3447,Accessories,3,2103.51,15.0,1093.65,,Cash
INV100038,2024-08-07,S028,Indore,P5406,Accessories,4,496.82,15.0,179.6,New,Digital
INV100039,2023-09-24,S001,Mumbai,P7844,Accessories,1,789.3,0.0,318.0,Returning,Digital
INV100040,2023-02-14,S012,Mysore,P6111,Accessories,5,2363.88,5.0,1285.58,,Card
INV100041,2023-07-30,S017,Lucknow,P1251,Clothing,3,3623.06,20.0,1826.4,New,Digital
INV100042,2024-07-18,S042,Patna,P9110,Clothing,2,1831.85,15.0,988.12,,Cash
INV100043,2024-02-07,S046,Nagpur,P7630,Clothing,5,1703.76,5.0,844.92,Returning,Cash
INV100044,2023-05-13,S006,Kolkata,P9289,Clothing,1,3911.73,0.0,1960.24,,Cash
INV100045,2024-09-05,S001,Mumbai,P6966,Accessories,2,399.52,5.0,154.64,Returning,Cash
INV100046,2024-07-14,S001,Mumbai,P7252,Clothing,3,4855.8,10.0,2485.73,New,Digital
INV100047,2024-05-29,S006,Kolkata,P7545,Clothing,6,2919.89,5.0,1316.84,,Card
INV100048,2023-01-24,S049,Nagpur,P7381,Clothing,3,1777.8,10.0,1008.22,Returning,Digital
INV100049,2024-05-21,S046,Chandigarh,P8032,Clothing,2,3398.57,20.0,1627.75,,Digital
INV100050,2024-06-01,S002,Delhi,P4767,Shoes,2,5566.63,20.0,3479.51,New,Card
INV100051,2023-05-17,S041,Lucknow,P9707,Clothing,6,1240.65,15.0,765.68,,Card
INV100052,2023-09-28,S006,Kolkata,P2082,Clothing,1,1094.47,25.0,696.63,,Digital
INV100053,2023-09-16,S042,Bhopal,P9092,Shoes,1,2561.76,5.0,1707.2,Returning,Card
INV100054,2024-12-01,S010,Surat,P5160,Accessories,7,1657.34,0.0,793.12,,Digital
INV100055,2023-11-08,S045,Mysore,P9021,Clothing,5,1054.78,15.0,531.35,Returning,Digital
INV100056,2023-10-20,S020,Indore,P8748,Clothing,10,4022.11,15.0,2608.98,New,Card
INV100057,2023-03-20,S014,Indore,P2479,Shoes,5,3806.82,5.0,2128.41,New,Digital
INV100058,2023-09-26,S046,Kota,P4790,Clothing,3,4244.91,25.0,2342.12,Returning,Cash
INV100059,2024-05-12,S020,Nagpur,P7818,Clothing,4,815.08,10.0,446.94,Returning,Card
INV100060,2023-05-04,S013,Lucknow,P5748,Clothing,3,3953.08,0.0,2442.3,Returning,Card
INV100061,2024-02-07,S018,Lucknow,P5597,Shoes,4,4617.22,10.0,2675.01,New,Card
INV100062,2024-11-08,S021,Mysore,P7116,Accessories,7,627.61,10.0,341.55,Returning,Cash
INV100063,2024-10-08,S004,Hyderabad,P8386,Shoes,9,6656.06,20.0,4132.28,,Digital
INV100064,2024-10-21,S027,Kota,P5616,Clothing,7,4630.0,0.0,2592.9,Returning,Card
INV100065,2024-10-30,S008,Ahmedabad,P3648,Clothing,7,1802.39,15.0,985.25,New,Card
INV100066,2024-05-24,S009,Jaipur,P4152,Clothing,5,4606.29,10.0,2990.84,New,Card
INV100067,2023-12-17,S002,Delhi,P7272,Clothing,4,2346.88,5.0,1435.99,Returning,Digital
INV100068,2023-08-04,S024,Nagpur,P9247,Clothing,4,3958.87,15.0,2175.91,,Digital
INV100069,2023-08-10,S020,Lucknow,P3084,Clothing,1,1843.51,10.0,976.97,New,Card
INV100070,2024-04-29,S034,Bhopal,P8355,Clothing,5,1107.18,30.0,704.22,New,Digital
INV100071,2023-08-18,S045,Bhopal,P2392,Clothing,2,4881.93,20.0,2303.19,,Digital
INV100072,2023-01-02,S009,Jaipur,P9654,Clothing,2,4663.66,5.0,2700.73,,Card
INV100073,2023-04-25,S015,Thiruvananthapuram,P1018,Clothing,1,3002.63,10.0,1701.22,New,Digital
INV100074,2024-04-16,S016,Chandigarh,P5047,Shoes,3,4938.54,10.0,3429.47,New,Cash
INV100075,2024-12-22,S006,Kolkata,P4732,Clothing,7,1615.28,15.0,1012.73,,Card
INV100076,2024-01-15,S026,Mysore,P1110,Clothing,2,3722.46,10.0,2209.9,Returning,Digital
INV100077,2024-05-31,S015,Bhopal,P4628,Clothing,1,4873.41,20.0,2496.86,Returning,Digital
INV100078,2023-10-30,S027,Lucknow,P3398,Shoes,4,4075.44,5.0,2205.66,Returning,Card
INV100079,2023-01-25,S046,Kota,P2854,Clothing,5,1017.73,10.0,470.22,New,Cash
INV100080,2023-12-04,S043,Patna,P7125,Clothing,6,4730.7,0.0,2834.93,Returning,Card
INV100081,2023-04-22,S036,Mysore,P7228,Clothing,1,1139.2,25.0,608.37,Returning,Digital
INV100082,2023-11-13,S029,Mysore,P6297,Clothing,9,3762.08,15.0,1840.2,Returning,Digital
INV100083,2024-04-30,S025,Lucknow,P8603,Accessories,1,845.63,10.0,401.74,New,Cash
INV100084,2023-03-05,S022,Thiruvananthapuram,P1714,Clothing,3,1063.98,10.0,607.66,Returning,Digital
INV100085,2024-12-07,S041,Indore,P1397,Shoes,8,2924.95,15.0,1926.8,New,Card
INV100086,2024-04-21,S032,Nagpur,P1142,Accessories,4,2309.8,0.0,1184.84,,Card
INV100087,2024-12-09,S039,Indore,P9386,Accessories,5,1021.16,10.0,422.67,New,Card
INV100088,2023-06-13,S011,Patna,P2723,Clothing,2,3528.09,15.0,1927.53,New,Card
INV100089,2023-03-28,S015,Nagpur,P7829,Clothing,2,2893.6,10.0,1712.88,Returning,Digital
INV100090,2024-11-21,S019,Hubli,P5577,Accessories,6,2163.37,0.0,1044.66,,Card
INV100091,2023-09-18,S019,Thiruvananthapuram,P4084,Clothing,6,2645.47,5.0,1288.73,Returning,Card
INV100092,2023-09-15,S003,Bangalore,P1073,Clothing,2,1771.8,15.0,1083.79,Returning,Cash
INV100093,2023-08-25,S013,Thiruvananthapuram,P4181,Shoes,4,1434.1,0.0,809.71,New,Card
INV100094,2023-07-02,S041,Thiruvananthapuram,P6729,Accessories,4,2005.0,0.0,968.32,New,Card
INV100095,2023-12-15,S014,Lucknow,P6361,Clothing,5,4999.47,20.0,2287.99,Returning,Digital
INV100096,2023-07-09,S005,Chennai,P2661,Clothing,5,1654.31,15.0,1007.57,Returning,Digital
INV100097,2023-06-08,S019,Hubli,P7845,Clothing,6,3542.85,5.0,1876.13,New,Card
INV100098,2024-08-03,S042,Mysore,P7401,Clothing,3,876.5,20.0,528.82,,Card
INV100099,2023-01-07,S024,Bhopal,P3663,Shoes,4,3657.78,10.0,2489.05,New,Card
INV100100,2024-07-18,S024,Chandigarh,P3812,Accessories,2,2301.55,15.0,846.52,New,Card
INV100101,2023-06-15,S013,Hubli,P3075,Clothing,5,1081.81,20.0,569.84,New,Cash
INV100102,2024-05-09,S040,Nagpur,P4638,Clothing,3,4689.9,25.0,2474.29,,Card
INV100103,2023-07-20,S025,Kota,P3016,Clothing,4,1716.17,10.0,909.48,New,Card
INV100104,2023-07-17,S021,Indore,P7387,Shoes,1,6086.41,15.0,3943.36,,Digital
INV100105,2024-10-04,S024,Bhopal,P9250,Accessories,7,978.07,10.0,391.08,Returning,Card
INV100106,2023-01-04,S030,Nagpur,P8753,Shoes,5,3898.58,15.0,2332.52,Returning,Card
INV100107,2023-05-12,S003,Bangalore,P3134,Clothing,3,1185.2,10.0,638.1,New,Cash
INV100108,2023-11-18,S009,Jaipur,P2087,Clothing,4,2916.48,,1532.82,,Digital
INV100109,2023-04-23,S011,Mysore,P2073,Clothing,2,4519.92,20.0,2294.2,Returning,Digital
INV100110,2023-09-16,S017,Chandigarh,P8866,Clothing,2,3376.83,10.0,2130.82,New,Digital
INV100111,2024-09-22,S041,Hubli,P6371,Clothing,5,2363.52,10.0,1157.62,Returning,Card
INV100112,2023-09-28,S029,Chandigarh,P9543,Accessories,1,406.86,,212.24,,Digital
INV100113,2023-04-18,S017,Patna,P7044,Shoes,3,4852.7,20.0,2847.26,,Card
INV100114,2023-12-05,S034,Hubli,P6080,Clothing,4,1542.38,0.0,923.45,,Cash
INV100115,2024-08-22,S019,Thiruvananthapuram,P8081,Shoes,6,5451.62,5.0,3621.87,Returning,Digital
INV100116,2023-02-18,S037,Kota,P5976,Clothing,2,3372.58,0.0,1548.41,New,Digital
INV100117,2024-06-30,S031,Nagpur,P3207,Clothing,2,2064.85,10.0,984.41,New,Cash
INV100118,2023-09-07,S018,Patna,P5329,Clothing,6,1202.38,25.0,694.55,New,Card
INV100119,2024-07-29,S032,Mysore,P3704,Accessories,3,1572.64,10.0,739.73,New,Card
INV100120,2024-06-28,S001,Mumbai,P4231,Clothing,1,1798.21,20.0,830.19,New,Card
INV100121,2024-06-14,S033,Hubli,P2044,Accessories,5,1724.71,15.0,746.88,Returning,Digital
INV100122,2024-05-04,S006,Kolkata,P3873,Clothing,6,2375.67,30.0,1276.52,New,Cash
INV100123,2023-09-25,S017,Lucknow,P5357,Accessories,2,571.19,30.0,301.73,,Digital
INV100124,2024-03-22,S014,Indore,P9313,Accessories,6,1451.14,15.0,584.9,New,Card
INV100125,2023-08-30,S025,Kota,P4918,Clothing,6,1468.58,5.0,929.6,Returning,Cash
INV100126,2024-10-07,S047,Mysore,P6042,Clothing,10,3028.6,0.0,1366.74,New,Card
INV100127,2024-08-22,S040,Nagpur,P6650,Accessories,1,677.4,0.0,241.55,New,Digital
INV100128,2023-02-01,S003,Bangalore,P6954,Clothing,1,3502.89,0.0,1606.18,New,Cash
INV100129,2024-06-30,S007,Pune,P4370,Clothing,6,4444.73,30.0,2812.99,New,Card
INV100130,2023-02-05,S009,Jaipur,P4358,Clothing,6,3955.99,10.0,2280.44,Returning,Card
INV100131,2024-03-09,S024,Kota,P9253,Clothing,3,1878.15,20.0,951.32,Returning,Cash
INV100132,2024-09-25,S023,Bhopal,P1788,Clothing,6,2534.27,20.0,1361.64,,Digital
INV100133,2023-04-04,S049,Lucknow,P1071,Shoes,5,2188.15,5.0,1094.7,Returning,Digital
INV100134,2024-05-18,S033,Hubli,P3603,Accessories,6,705.94,10.0,316.91,Returning,Cash
INV100135,2024-12-17,S045,Chandigarh,P2713,Clothing,6,1261.68,0.0,728.38,,Card
INV100136,2023-04-08,S042,Lucknow,P7094,Shoes,4,6372.68,10.0,4231.13,New,Card
INV100137,2024-03-14,S030,Nagpur,P9708,Clothing,5,2393.08,5.0,1499.97,,Digital
INV100138,2024-09-11,S029,Chandigarh,P6297,Clothing,6,3242.64,25.0,1797.55,New,Digital
INV100139,2024-12-06,S016,Chandigarh,P4138,Accessories,7,577.33,25.0,255.41,Returning,Card
INV100140,2024-12-21,S023,Nagpur,P4870,Accessories,5,2444.49,15.0,1209.12,Returning,Cash
INV100141,2023-09-22,S010,Surat,P5949,Shoes,6,2154.69,5.0,1389.21,,Card
INV100142,2023-10-08,S030,Lucknow,P1206,Clothing,6,4627.89,25.0,2342.46,Returning,Cash
INV100143,2024-03-23,S017,Thiruvananthapuram,P7630,Clothing,6,4919.7,0.0,2505.32,New,Digital
INV100144,2024-03-16,S047,Thiruvananthapuram,P4745,Accessories,6,1948.02,5.0,845.89,,Card
INV100145,2023-05-08,S016,Patna,P3563,Clothing,4,1891.19,25.0,1116.05,Returning,Cash
INV100146,2024-05-09,S012,Kota,P1174,Clothing,4,4405.86,15.0,2439.31,Returning,Cash
INV100147,2023-04-19,S013,Chandigarh,P6705,Clothing,1,1715.1,,1017.47,New,Cash
INV100148,2024-04-12,S024,Chandigarh,P6617,Clothing,5,2798.09,20.0,1268.15,Returning,Digital
INV100149,2024-04-12,S047,Thiruvananthapuram,P6824,Shoes,2,2266.06,30.0,1389.17,,Card
INV100150,2023-10-08,S045,Kota,P5344,Clothing,9,855.9,10.0,456.81,New,Card
INV100151,2024-02-15,S011,Nagpur,P2128,Shoes,5,6966.54,10.0,4955.91,,Card
INV100152,2024-10-19,S027,Bhopal,P5822,Shoes,6,2048.33,25.0,1324.3,,Digital
INV100153,2024-04-25,S028,Nagpur,P8890,Accessories,3,807.0,15.0,396.11,New,Cash
INV100154,2023-10-15,S041,Indore,P6938,Clothing,8,2067.65,10.0,1128.75,New,Cash
INV100155,2024-01-30,S034,Kota,P1245,Clothing,1,3171.28,30.0,1633.02,,Card
INV100156,2023-03-15,S012,Bhopal,P6676,Clothing,6,3354.44,25.0,1897.6,New,Card
INV100157,2024-02-17,S043,Chandigarh,P5866,Clothing,5,4542.77,20.0,2596.98,New,Digital
INV100158,2023-08-07,S008,Ahmedabad,P7865,Clothing,5,4324.97,0.0,2526.85,New,Cash
INV100159,2024-04-29,S016,Bhopal,P3697,Accessories,4,1365.62,15.0,725.27,,Digital
INV100160,2023-01-07,S030,Kota,P7976,Shoes,2,3914.17,15.0,2441.52,Returning,Cash
INV100161,2024-11-23,S003,Bangalore,P2539,Clothing,4,2313.58,0.0,1340.27,,Digital
INV100162,2023-05-28,S043,Kota,P6592,Clothing,1,2545.48,0.0,1210.07,Returning,Digital
INV100163,2024-07-21,S019,Hubli,P6819,Clothing,2,2236.21,0.0,1118.81,Returning,Card
INV100164,2024-05-30,S008,Ahmedabad,P4150,Shoes,3,3199.9,10.0,1743.23,Returning,Digital
INV100165,2023-05-11,S036,Patna,P9935,Shoes,5,1707.94,10.0,1228.4,,Card
INV100166,2023-11-04,S043,Lucknow,P9205,Clothing,4,1597.75,15.0,1013.43,,Digital
INV100167,2024-09-23,S014,Lucknow,P8501,Accessories,2,1832.09,15.0,859.73,,Digital
INV100168,2023-04-14,S042,Lucknow,P7043,Clothing,6,955.31,30.0,577.87,New,Digital
INV100169,2024-07-29,S028,Thiruvananthapuram,P1894,Clothing,6,2068.57,5.0,1105.35,Returning,Digital
INV100170,2023-02-10,S005,Chennai,P7342,Accessories,1,1226.36,10.0,599.86,,Digital
INV100171,2024-11-06,S014,Nagpur,P1254,Clothing,5,2532.15,15.0,1191.15,Returning,Card
INV100172,2024-12-01,S031,Lucknow,P5512,Shoes,4,6179.11,0.0,3386.24,,Digital
INV100173,2024-04-06,S045,Nagpur,P2381,Accessories,6,2330.17,20.0,986.07,Returning,Digital
INV100174,2024-12-27,S046,Lucknow,P1186,Clothing,10,4715.86,,2361.75,New,Card
INV100175,2024-10-28,S032,Thiruvananthapuram,P1979,Clothing,4,2112.48,,1204.16,Returning,Card
INV100176,2024-08-11,S024,Nagpur,P7847,Clothing,6,3642.89,20.0,1744.88,Returning,Card
INV100177,2024-04-08,S042,Thiruvananthapuram,P6440,Accessories,3,1547.0,0.0,631.91,,Digital
INV100178,2023-01-16,S025,Patna,P7163,Accessories,2,978.92,25.0,426.53,,Digital
INV100179,2023-08-28,S038,Lucknow,P5727,Clothing,4,807.08,10.0,405.65,New,Cash
INV100180,2024-08-08,S032,Kota,P9758,Clothing,2,4374.97,15.0,2674.89,New,Digital
INV100181,2024-05-11,S039,Lucknow,P7479,Clothing,4,3950.77,5.0,2514.05,Returning,Digital
INV100182,2023-09-18,S023,Indore,P4815,Accessories,5,2041.66,0.0,902.3,Returning,Digital
INV100183,2023-09-23,S006,Kolkata,P5748,Clothing,5,2925.91,5.0,1434.79,Returning,Digital
INV100184,2024-01-03,S032,Kota,P2738,Accessories,4,2185.29,30.0,872.5,Returning,Digital
INV100185,2023-03-25,S007,Pune,P4352,Clothing,2,927.51,15.0,469.42,,Digital
INV100186,2024-08-03,S050,Thiruvananthapuram,P3144,Clothing,2,4072.6,30.0,2179.61,Returning,Cash
INV100187,2023-12-13,S024,Bhopal,P8976,Shoes,6,3393.57,0.0,1717.33,New,Cash
INV100188,2024-10-17,S015,Indore,P9298,Shoes,9,5296.98,5.0,2753.32,Returning,Card
INV100189,2023-06-13,S017,Kota,P1971,Shoes,3,6951.95,0.0,3815.08,,Cash
INV100190,2023-02-18,S004,Hyderabad,P3372,Accessories,3,1861.14,,892.11,Returning,Digital
INV100191,2023-07-23,S031,Kota,P7089,Accessories,6,1597.53,15.0,700.13,Returning,Card
INV100192,2024-01-19,S001,Mumbai,P4196,Clothing,4,2653.82,30.0,1622.84,New,Card
INV100193,2023-08-14,S029,Indore,P7309,Shoes,1,6227.16,0.0,4331.09,New,Digital
INV100194,2024-04-08,S022,Mysore,P1929,Clothing,3,1782.3,10.0,843.25,New,Digital
INV100195,2024-07-20,S002,Delhi,P5858,Clothing,2,1427.45,5.0,761.76,Returning,Cash
INV100196,2023-09-24,S033,Lucknow,P4459,Clothing,4,2715.98,0.0,1484.25,,Digital
INV100197,2023-10-21,S016,Mysore,P2598,Clothing,4,1646.81,,861.04,Returning,Card
INV100198,2023-06-16,S029,Chandigarh,P6585,Shoes,1,6875.49,15.0,3656.09,,Card
INV100199,2023-01-02,S018,Thiruvananthapuram,P3960,Clothing,5,2312.42,10.0,1059.34,New,Cash
INV100200,2024-06-18,S039,Bhopal,P5487,Accessories,2,732.77,0.0,268.09,New,Card
INV100201,2024-09-19,S005,Chennai,P7686,Accessories,6,2085.48,5.0,973.06,,Cash
INV100202,2024-06-14,S001,Mumbai,P8808,Clothing,3,4336.01,10.0,2700.91,New,Cash
INV100203,2023-09-30,S024,Thiruvananthapuram,P1076,Clothing,2,4292.82,0.0,2246.95,Returning,Digital
INV100204,2024-04-01,S021,Patna,P2002,Clothing,5,2298.22,25.0,1146.69,Returning,Cash
INV100205,2024-05-21,S006,Kolkata,P3988,Clothing,4,3028.14,0.0,1688.09,New,Card
INV100206,2023-09-14,S013,Hubli,P1289,Shoes,5,1374.43,15.0,716.39,,Digital
INV100207,2024-04-20,S012,Lucknow,P5473,Clothing,5,2665.69,0.0,1386.53,New,Digital
INV100208,2024-08-22,S035,Thiruvananthapuram,P4726,Accessories,5,542.09,25.0,202.91,New,Card
INV100209,2024-08-09,S025,Patna,P9611,Accessories,4,661.51,30.0,340.81,New,Card
INV100210,2023-02-23,S037,Kota,P7563,Clothing,3,1809.58,10.0,935.58,,Card
INV100211,2024-06-13,S041,Lucknow,P6970,Shoes,2,6619.13,10.0,3672.58,New,Digital
INV100212,2023-03-12,S026,Bhopal,P1766,Clothing,3,2920.05,0.0,1326.19,New,Card
INV100213,2024-10-18,S003,Bangalore,P2646,Shoes,7,4816.13,20.0,3073.73,Returning,Card
INV100214,2023-01-14,S011,Indore,P1988,Clothing,4,965.56,10.0,456.33,,Cash
INV100215,2024-06-10,S033,Nagpur,P5810,Clothing,3,3279.04,10.0,2086.73,Returning,Digital
INV100216,2023-10-08,S045,Thiruvananthapuram,P4630,Accessories,6,1928.89,10.0,785.89,,Card
INV100217,2024-07-15,S020,Lucknow,P4969,Clothing,6,4545.6,10.0,2321.62,Returning,Card
INV100218,2024-06-08,S016,Kota,P6332,Clothing,5,3259.87,10.0,1474.69,Returning,Card
INV100219,2023-08-10,S023,Bhopal,P2016,Clothing,3,891.5,15.0,499.44,,Card
INV100220,2024-03-26,S048,Nagpur,P7828,Accessories,3,540.34,,213.45,Returning,Digital
INV100221,2023-05-24,S007,Pune,P5402,Clothing,6,3365.18,25.0,1700.59,,Digital
INV100222,2024-12-21,S008,Ahmedabad,P7512,Clothing,5,1234.1,15.0,656.64,,Card
INV100223,2023-10-14,S019,Kota,P7400,Clothing,4,2699.59,20.0,1462.05,,Digital
INV100224,2024-01-29,S029,Hubli,P4018,Clothing,6,4105.73,10.0,2545.2,,Card
INV100225,2023-05-29,S021,Thiruvananthapuram,P4975,Accessories,4,1579.48,30.0,580.59,Returning,Card
INV100226,2024-03-12,S035,Hubli,P9822,Clothing,1,1877.5,5.0,1181.28,,Cash
INV100227,2024-06-13,S044,Kota,P8423,Accessories,5,1246.12,0.0,551.84,New,Digital
INV100228,2024-06-21,S037,Nagpur,P4083,Clothing,2,2372.55,15.0,1257.88,Returning,Digital
INV100229,2024-03-26,S006,Kolkata,P6942,Shoes,5,4606.94,20.0,3004.4,Returning,Card
INV100230,2023-03-18,S033,Patna,P3562,Clothing,3,1264.15,15.0,795.03,,Card
INV100231,2024-06-07,S039,Indore,P6786,Clothing,2,1590.05,15.0,773.53,,Cash
INV100232,2024-10-13,S036,Lucknow,P5988,Accessories,3,323.61,20.0,113.44,Returning,Cash
INV100233,2024-08-23,S018,Chandigarh,P9426,Accessories,1,732.63,15.0,329.37,New,Digital
INV100234,2024-02-25,S007,Pune,P3794,Clothing,5,1458.44,0.0,877.83,,Digital
INV100235,2024-04-23,S038,Kota,P3358,Clothing,5,4161.25,15.0,2413.61,,Card
INV100236,2023-10-10,S005,Chennai,P4140,Clothing,5,3440.53,30.0,2139.55,Returning,Digital
INV100237,2023-01-21,S004,Hyderabad,P4904,Clothing,1,2463.17,0.0,1484.83,New,Card
INV100238,2023-06-13,S020,Patna,P5128,Shoes,5,3025.8,20.0,2111.25,Returning,Cash
INV100239,2023-03-11,S026,Bhopal,P1367,Accessories,2,1784.8,10.0,833.44,New,Card
INV100240,2023-06-24,S024,Indore,P6488,Clothing,3,832.05,10.0,521.25,,Cash
INV100241,2023-12-10,S036,Mysore,P7346,Accessories,9,2414.7,30.0,1049.08,New,Digital
INV100242,2023-12-19,S016,Nagpur,P2517,Clothing,6,1972.36,20.0,897.54,New,Card
INV100243,2023-05-11,S023,Mysore,P7638,Clothing,5,4312.52,0.0,2634.9,Returning,Digital
INV100244,2024-08-17,S044,Nagpur,P5272,Clothing,2,2799.01,25.0,1374.0,,Cash
INV100245,2024-08-24,S049,Indore,P9405,Clothing,3,2497.43,0.0,1378.68,New,Digital
INV100246,2023-10-04,S046,Indore,P3900,Clothing,9,3816.56,0.0,1828.19,New,Card
INV100247,2024-11-09,S013,Indore,P6099,Clothing,4,4638.17,20.0,2834.09,New,Card
INV100248,2023-05-10,S041,Nagpur,P5530,Clothing,6,2294.77,10.0,1420.17,New,Card
INV100249,2024-11-26,S026,Kota,P2600,Shoes,8,1346.53,10.0,881.75,New,Card
INV100250,2023-10-05,S013,Hubli,P3559,Accessories,6,388.99,0.0,139.26,Returning,Digital
INV100251,2024-07-19,S032,Chandigarh,P5173,Accessories,3,2371.43,5.0,1097.76,Returning,Digital
INV100252,2024-08-12,S003,Bangalore,P1775,Shoes,3,1848.86,15.0,1235.07,New,Digital
INV100253,2023-02-08,S045,Patna,P4617,Clothing,3,4640.82,0.0,2784.05,Returning,Digital
INV100254,2023-12-24,S041,Bhopal,P9333,Clothing,9,2229.26,15.0,1227.46,New,Digital
INV100255,2023-07-30,S013,Lucknow,P5279,Accessories,4,2162.44,10.0,1093.44,New,Digital
INV100256,2024-10-14,S027,Indore,P4299,Clothing,6,1848.7,10.0,853.87,,Card
INV100257,2023-05-20,S033,Bhopal,P3180,Accessories,6,1774.74,5.0,705.59,,Card
INV100258,2023-11-03,S008,Ahmedabad,P7957,Shoes,5,2022.95,10.0,1262.16,New,Digital
INV100259,2023-06-08,S045,Hubli,P1202,Shoes,5,6069.02,5.0,3576.73,Returning,Digital
INV100260,2023-02-14,S008,Ahmedabad,P6316,Shoes,1,2962.64,5.0,1553.4,Returning,Digital
INV100261,2024-01-07,S049,Bhopal,P2375,Clothing,3,1101.64,,498.12,,Digital
INV100262,2024-07-31,S035,Kota,P1136,Clothing,3,2853.28,5.0,1531.78,Returning,Cash
INV100263,2024-10-21,S016,Indore,P3271,Accessories,7,2357.55,5.0,1132.85,,Card
INV100264,2024-02-09,S044,Nagpur,P2674,Clothing,2,1580.09,25.0,912.69,,Cash
INV100265,2024-09-23,S009,Jaipur,P7050,Clothing,3,3518.68,5.0,1834.11,Returning,Card
INV100266,2023-02-12,S004,Hyderabad,P9099,Accessories,1,1682.06,15.0,864.49,Returning,Digital
INV100267,2023-06-11,S009,Jaipur,P7576,Accessories,3,1678.29,5.0,635.03,New,Cash
INV100268,2024-03-26,S033,Patna,P3345,Clothing,4,3836.39,25.0,1728.53,Returning,Card
INV100269,2023-02-26,S012,Nagpur,P7206,Accessories,5,2259.37,0.0,819.12,Returning,Card
INV100270,2024-07-30,S030,Patna,P9760,Clothing,6,1620.75,5.0,756.9,,Cash
INV100271,2024-02-15,S039,Hubli,P7899,Accessories,5,2084.53,15.0,754.6,Returning,Digital
INV100272,2024-10-24,S013,Mysore,P8329,Clothing,5,2242.32,0.0,1405.98,,Card
INV100273,2024-11-07,S029,Patna,P5277,Accessories,8,2374.99,5.0,1002.25,New,Card
INV100274,2023-07-27,S013,Chandigarh,P5121,Accessories,5,786.77,15.0,407.13,,Digital
INV100275,2024-07-21,S038,Thiruvananthapuram,P2314,Clothing,4,3205.37,10.0,1514.87,Returning,Digital
INV100276,2024-03-26,S008,Ahmedabad,P2672,Shoes,2,4393.26,20.0,2887.31,Returning,Cash
INV100277,2024-02-06,S009,Jaipur,P1942,Clothing,5,4832.14,20.0,2718.59,Returning,Card
INV100278,2024-01-17,S046,Nagpur,P7979,Clothing,1,3296.09,5.0,1623.74,New,Digital
INV100279,2023-07-26,S022,Lucknow,P5188,Clothing,5,3858.49,10.0,2010.01,New,Card
INV100280,2024-06-09,S023,Indore,P6828,Clothing,6,2299.23,20.0,1259.51,,Card
INV100281,2024-09-09,S045,Bhopal,P1348,Clothing,1,4622.96,10.0,2304.5,,Card
INV100282,2023-01-22,S019,Patna,P3363,Clothing,4,4162.91,15.0,2027.56,,Cash
INV100283,2024-07-05,S010,Surat,P9221,Accessories,6,891.17,0.0,391.06,Returning,Cash
INV100284,2023-02-06,S031,Nagpur,P8349,Clothing,1,4236.85,10.0,2482.38,Returning,Card
INV100285,2024-09-17,S038,Thiruvananthapuram,P1715,Clothing,5,2182.94,25.0,1076.76,New,Card
INV100286,2024-01-05,S001,Mumbai,P8920,Clothing,6,3223.58,10.0,1700.68,Returning,Card
INV100287,2023-09-12,S010,Surat,P7298,Shoes,4,4730.26,20.0,3021.65,Returning,Card
INV100288,2023-09-26,S003,Bangalore,P2560,Accessories,3,1461.93,,791.48,New,Digital
INV100289,2024-10-10,S010,Surat,P5980,Clothing,4,1982.65,25.0,1207.56,Returning,Digital
INV100290,2024-06-05,S046,Kota,P6295,Clothing,6,4466.02,10.0,2648.97,Returning,Digital
INV100291,2023-09-07,S043,Bhopal,P7635,Shoes,2,2074.7,25.0,1131.08,Returning,Card
INV100292,2023-11-06,S037,Chandigarh,P6578,Accessories,5,616.39,5.0,304.48,New,Cash
INV100293,2024-08-20,S050,Patna,P2109,Accessories,1,969.32,10.0,407.79,Returning,Card
INV100294,2023-06-29,S016,Lucknow,P4576,Shoes,3,4369.61,15.0,2913.95,New,Card
INV100295,2023-07-25,S004,Hyderabad,P1796,Clothing,5,2908.05,5.0,1366.53,New,Card
INV100296,2024-08-12,S001,Mumbai,P1451,Accessories,3,311.11,15.0,125.73,New,Card
INV100297,2023-01-28,S027,Lucknow,P2428,Clothing,6,3361.1,0.0,2050.53,,Digital
INV100298,2024-05-21,S021,Thiruvananthapuram,P6135,Clothing,5,4749.0,0.0,2966.52,New,Card
INV100299,2024-12-28,S006,Kolkata,P6926,Clothing,8,878.13,10.0,432.12,Returning,Card
INV100300,2024-11-27,S017,Bhopal,P1518,Accessories,5,1623.45,20.0,675.63,,Card
INV100301,2024-07-16,S009,Jaipur,P1148,Clothing,6,1968.7,30.0,1091.97,,Digital
INV100302,2024-11-02,S002,Delhi,P3197,Clothing,8,3441.41,,1824.53,New,Card
INV100303,2024-05-28,S010,Surat,P3655,Accessories,2,700.0,10.0,376.56,,Card
INV100304,2024-12-27,S025,Bhopal,P4474,Clothing,6,4411.31,30.0,2173.13,Returning,Digital
INV100305,2023-01-28,S044,Kota,P1982,Accessories,1,333.96,30.0,170.77,New,Digital
INV100306,2024-02-24,S017,Patna,P4962,Shoes,4,4837.31,5.0,2657.13,New,Card
INV100307,2023-11-30,S037,Nagpur,P8821,Accessories,9,956.61,5.0,525.05,Returning,Cash
INV100308,2023-05-20,S011,Kota,P8422,Clothing,3,2192.42,25.0,1199.5,New,Digital
INV100309,2023-08-03,S009,Jaipur,P1400,Clothing,6,4075.22,5.0,2537.52,New,Card
INV100310,2023-01-10,S011,Bhopal,P7507,Shoes,2,2074.65,0.0,1373.26,New,Card
INV100311,2024-10-19,S041,Lucknow,P1620,Shoes,9,6881.97,5.0,3490.82,New,Digital
INV100312,2023-08-26,S021,Indore,P2807,Clothing,5,1240.45,,563.15,New,Cash
INV100313,2023-05-20,S048,Chandigarh,P9203,Clothing,5,1551.72,0.0,910.98,New,Digital
INV100314,2024-05-23,S047,Indore,P5472,Clothing,1,1703.58,25.0,1096.25,,Card
INV100315,2023-09-28,S036,Kota,P5377,Clothing,3,981.41,10.0,541.49,New,Card
INV100316,2023-02-12,S048,Hubli,P7541,Clothing,6,1984.97,10.0,1024.54,Returning,Card
INV100317,2024-03-05,S010,Surat,P4917,Shoes,4,3445.05,10.0,2014.64,,Digital
INV100318,2023-09-18,S008,Ahmedabad,P1551,Accessories,6,1129.33,5.0,449.65,,Card
INV100319,2024-12-11,S037,Lucknow,P8757,Accessories,8,1273.34,10.0,615.79,,Digital
INV100320,2024-04-26,S048,Patna,P6819,Clothing,5,3093.96,20.0,1627.36,,Card
INV100321,2024-06-22,S035,Mysore,P5340,Accessories,3,1789.85,15.0,741.76,Returning,Cash
INV100322,2024-04-29,S005,Chennai,P6965,Clothing,6,3275.86,,1848.05,,Card
INV100323,2023-06-23,S041,Lucknow,P6275,Clothing,3,1523.88,10.0,936.24,Returning,Card
INV100324,2024-03-14,S043,Chandigarh,P9541,Clothing,1,3751.01,10.0,1969.39,Returning,Digital
INV100325,2023-04-01,S031,Nagpur,P9476,Clothing,3,4987.24,10.0,2937.5,New,Card
INV100326,2023-05-14,S025,Hubli,P1291,Clothing,3,3573.11,10.0,2052.93,,Card
INV100327,2024-08-07,S021,Hubli,P4962,Clothing,3,1549.4,5.0,919.78,Returning,Cash
INV100328,2023-04-04,S019,Thiruvananthapuram,P7088,Accessories,5,2189.56,10.0,854.67,New,Digital
INV100329,2024-01-20,S039,Hubli,P6772,Clothing,3,3963.0,10.0,2552.0,New,Card
INV100330,2024-08-15,S024,Indore,P4328,Shoes,2,2311.34,20.0,1649.61,Returning,Cash
INV100331,2023-03-23,S049,Lucknow,P2766,Clothing,4,3008.42,25.0,1652.59,,Digital
INV100332,2024-04-18,S029,Patna,P9048,Shoes,6,3606.38,25.0,2178.95,New,Digital
INV100333,2023-01-10,S019,Chandigarh,P6409,Clothing,6,1641.03,30.0,916.24,Returning,Digital
INV100334,2023-05-01,S006,Kolkata,P8442,Clothing,1,1123.97,0.0,689.55,New,Cash
INV100335,2023-07-24,S038,Nagpur,P7667,Clothing,6,4424.59,20.0,2478.1,New,Cash
INV100336,2023-05-30,S018,Chandigarh,P5298,Clothing,3,2976.52,,1343.02,New,Card
INV100337,2023-09-19,S004,Hyderabad,P5988,Shoes,6,4423.02,10.0,2708.73,New,Cash
INV100338,2024-03-22,S024,Bhopal,P9011,Clothing,5,1648.43,15.0,758.97,,Digital
INV100339,2024-01-10,S021,Lucknow,P9733,Clothing,3,4661.39,0.0,2616.09,New,Card
INV100340,2024-08-01,S014,Thiruvananthapuram,P8448,Clothing,3,1722.71,5.0,926.51,Returning,Cash
INV100341,2024-03-31,S004,Hyderabad,P2178,Shoes,2,1534.75,15.0,913.82,,Digital
INV100342,2023-01-15,S044,Hubli,P4457,Accessories,6,2061.54,15.0,926.96,,Cash
INV100343,2023-05-30,S004,Hyderabad,P4666,Clothing,6,1223.62,20.0,573.94,,Cash
INV100344,2024-12-24,S003,Bangalore,P8312,Accessories,10,640.64,15.0,231.48,Returning,Digital
INV100345,2024-08-19,S036,Mysore,P3488,Accessories,3,1882.59,5.0,775.46,,Cash
INV100346,2024-02-05,S045,Indore,P4246,Clothing,1,1455.13,15.0,739.51,Returning,Card
INV100347,2023-07-08,S043,Mysore,P9590,Clothing,4,2485.77,10.0,1137.89,,Card
INV100348,2024-05-16,S013,Bhopal,P5587,Clothing,3,4082.12,30.0,2563.08,Returning,Digital
INV100349,2024-07-07,S015,Thiruvananthapuram,P5912,Clothing,1,2775.91,20.0,1675.41,New,Digital
INV100350,2023-04-14,S022,Kota,P8366,Clothing,1,4766.48,0.0,2770.79,Returning,Card
INV100351,2024-01-08,S030,Indore,P2850,Clothing,2,4294.51,20.0,2627.39,New,Digital
INV100352,2024-04-17,S009,Jaipur,P6781,Clothing,1,2956.13,15.0,1387.74,New,Card
INV100353,2024-11-10,S042,Bhopal,P5970,Clothing,5,3583.53,0.0,1677.12,New,Card
INV100354,2023-04-20,S030,Mysore,P3687,Clothing,2,2883.74,0.0,1606.81,,Digital
INV100355,2024-06-02,S009,Jaipur,P9762,Clothing,3,1630.39,5.0,865.32,,Card
INV100356,2023-04-08,S014,Mysore,P2426,Clothing,1,1025.39,15.0,623.78,New,Card
INV100357,2023-09-28,S008,Ahmedabad,P4565,Clothing,1,3421.81,15.0,1614.83,New,Card
INV100358,2024-06-09,S007,Pune,P4520,Shoes,6,5963.92,10.0,3077.81,,Digital
INV100359,2023-06-28,S001,Mumbai,P7749,Clothing,3,4204.31,30.0,2280.24,Returning,Card
INV100360,2023-09-08,S009,Jaipur,P4247,Accessories,2,1793.37,10.0,681.92,New,Digital
INV100361,2024-12-26,S050,Kota,P2131,Shoes,4,5791.22,10.0,3506.82,,Digital
INV100362,2023-07-23,S023,Thiruvananthapuram,P3657,Clothing,6,2335.57,15.0,1243.16,Returning,Digital
INV100363,2024-05-23,S030,Thiruvananthapuram,P3698,Clothing,2,3713.45,0.0,1896.06,Returning,Card
INV100364,2024-10-17,S005,Chennai,P4802,Accessories,7,1605.91,15.0,772.51,New,Card
INV100365,2024-04-13,S046,Lucknow,P7422,Clothing,5,2869.01,15.0,1812.13,,Digital
INV100366,2024-10-03,S022,Thiruvananthapuram,P7989,Shoes,8,3556.2,15.0,1846.24,Returning,Card
INV100367,2024-05-15,S039,Hubli,P8495,Clothing,5,1264.51,10.0,774.48,New,Card
INV100368,2023-08-07,S006,Kolkata,P4068,Clothing,1,4347.06,5.0,2494.58,,Cash
INV100369,2024-02-22,S025,Nagpur,P7384,Clothing,6,1815.27,15.0,895.41,Returning,Card
INV100370,2023-06-04,S026,Hubli,P9186,Clothing,3,2276.51,25.0,1395.89,Returning,Cash
INV100371,2024-06-02,S001,Mumbai,P2699,Clothing,5,4288.63,10.0,2069.02,New,Digital
INV100372,2024-11-03,S049,Chandigarh,P7171,Accessories,7,1787.73,20.0,977.72,New,Cash
INV100373,2023-09-17,S019,Kota,P6002,Clothing,6,2959.96,5.0,1528.01,,Digital
INV100374,2024-12-03,S032,Kota,P1294,Shoes,9,5890.32,15.0,3022.51,New,Cash
INV100375,2024-11-30,S047,Thiruvananthapuram,P8518,Accessories,4,1285.01,25.0,642.78,New,Cash
INV100376,2024-05-09,S037,Chandigarh,P1764,Clothing,2,4733.55,5.0,2387.09,Returning,Card
INV100377,2024-08-26,S002,Delhi,P9981,Shoes,6,4838.31,20.0,2676.47,Returning,Digital
INV100378,2024-11-23,S021,Nagpur,P9122,Clothing,9,4893.26,25.0,2554.52,New,Digital
INV100379,2023-12-22,S034,Nagpur,P6111,Clothing,5,4191.25,5.0,1937.74,New,Digital
INV100380,2024-01-28,S013,Thiruvananthapuram,P6257,Shoes,3,2285.45,30.0,1298.29,Returning,Card
INV100381,2024-11-28,S008,Ahmedabad,P8376,Clothing,7,2142.43,10.0,1304.0,,Cash
INV100382,2024-10-14,S031,Chandigarh,P7745,Accessories,5,992.46,20.0,377.55,New,Card
INV100383,2024-01-07,S017,Bhopal,P1192,Shoes,6,4270.19,15.0,2406.01,New,Digital
INV100384,2024-12-15,S005,Chennai,P2579,Clothing,7,4747.67,5.0,2388.57,,Digital
INV100385,2024-02-27,S041,Indore,P7616,Clothing,6,2089.18,,1209.54,Returning,Cash
INV100386,2023-12-16,S010,Surat,P9539,Clothing,9,4184.08,5.0,2175.49,Returning,Digital
INV100387,2023-10-23,S001,Mumbai,P4859,Clothing,5,3664.0,0.0,2326.31,,Card
INV100388,2023-08-08,S009,Jaipur,P4640,Accessories,5,2027.46,25.0,985.16,,Cash
INV100389,2023-09-02,S042,Patna,P5710,Clothing,5,1986.94,,907.42,New,Digital
INV100390,2024-12-21,S033,Hubli,P4491,Accessories,9,905.17,15.0,329.0,New,Card
INV100391,2024-01-04,S034,Indore,P2996,Accessories,6,2254.35,0.0,824.49,Returning,Card
INV100392,2024-04-13,S038,Chandigarh,P1528,Accessories,6,1283.12,,578.27,New,Digital
INV100393,2024-04-23,S034,Thiruvananthapuram,P4773,Clothing,1,2035.43,,1297.09,New,Digital
INV100394,2023-08-02,S050,Nagpur,P1464,Shoes,3,5890.62,0.0,3641.32,,Card
INV100395,2024-01-19,S025,Chandigarh,P7701,Shoes,1,2787.65,0.0,1448.73,New,Digital
INV100396,2023-02-26,S031,Thiruvananthapuram,P3191,Shoes,3,3110.67,0.0,2230.27,Returning,Digital
INV100397,2024-11-30,S049,Mysore,P2252,Clothing,10,3385.88,0.0,1599.41,,Cash
INV100398,2023-01-17,S013,Chandigarh,P5853,Accessories,4,2038.52,20.0,1016.43,,Digital
INV100399,2023-01-24,S001,Mumbai,P5321,Accessories,6,1882.93,5.0,682.65,,Card
INV100400,2023-06-17,S012,Kota,P7897,Accessories,5,2481.23,0.0,1020.16,New,Cash
INV100401,2024-04-10,S032,Indore,P6531,Clothing,1,4404.13,25.0,2302.37,Returning,Digital
INV100402,2023-05-12,S043,Lucknow,P4163,Clothing,1,1855.2,10.0,979.14,,Card
INV100403,2024-06-15,S028,Nagpur,P3266,Accessories,4,1896.61,25.0,724.87,New,Card
INV100404,2024-08-22,S030,Lucknow,P4341,Clothing,5,838.32,20.0,516.46,,Digital
INV100405,2023-03-14,S014,Lucknow,P4988,Clothing,3,3150.25,20.0,1708.55,New,Cash
INV100406,2024-01-27,S037,Thiruvananthapuram,P8202,Clothing,1,4485.92,10.0,2866.34,New,Digital
INV100407,2023-02-25,S046,Bhopal,P8728,Clothing,4,3537.99,,2201.97,,Card
INV100408,2024-05-24,S001,Mumbai,P4672,Clothing,5,3738.89,25.0,2280.71,,Digital
INV100409,2024-10-25,S030,Lucknow,P7586,Clothing,3,4613.57,0.0,2260.77,New,Cash
INV100410,2023-08-13,S003,Bangalore,P8666,Clothing,6,3135.98,10.0,1773.75,New,Digital
INV100411,2023-04-17,S021,Indore,P9352,Clothing,6,1401.66,15.0,779.07,Returning,Cash
INV100412,2023-01-03,S040,Thiruvananthapuram,P9806,Shoes,1,4424.19,10.0,3011.54,New,Digital
INV100413,2024-11-08,S012,Chandigarh,P8503,Clothing,7,3616.96,5.0,2032.66,New,Card
INV100414,2024-10-27,S034,Kota,P2540,Accessories,6,2463.27,0.0,1163.98,New,Digital
INV100415,2023-04-14,S039,Thiruvananthapuram,P6486,Clothing,1,2071.44,0.0,1248.01,New,Card
INV100416,2023-03-18,S030,Patna,P4454,Clothing,1,3708.34,10.0,2112.84,,Digital
INV100417,2023-03-23,S028,Lucknow,P3946,Shoes,1,5356.69,15.0,2714.43,,Cash
INV100418,2024-03-28,S021,Patna,P2551,Accessories,3,855.82,10.0,350.98,New,Card
INV100419,2024-10-31,S018,Mysore,P1215,Accessories,10,2141.01,20.0,1175.1,Returning,Digital
INV100420,2023-12-15,S050,Mysore,P6613,Clothing,6,2298.52,0.0,1409.48,New,Digital
INV100421,2023-04-18,S035,Indore,P8504,Shoes,1,3019.29,10.0,1926.11,New,Card
INV100422,2023-02-24,S034,Indore,P4479,Accessories,6,838.9,30.0,447.52,New,Card
INV100423,2023-01-14,S029,Thiruvananthapuram,P3726,Clothing,6,3806.39,0.0,2466.31,,Cash
INV100424,2023-10-19,S014,Hubli,P3326,Clothing,9,1879.94,15.0,856.38,,Card
INV100425,2023-03-11,S005,Chennai,P2220,Clothing,6,1127.36,15.0,671.82,New,Digital
INV100426,2024-05-20,S012,Indore,P5176,Shoes,6,5187.72,20.0,2905.95,Returning,Card
INV100427,2024-12-14,S022,Kota,P4375,Clothing,5,3858.91,30.0,1809.71,New,Card
INV100428,2023-08-20,S001,Mumbai,P2190,Shoes,1,5856.66,5.0,3792.53,New,Card
INV100429,2024-11-06,S004,Hyderabad,P5160,Accessories,7,697.34,0.0,264.1,,Card
INV100430,2024-08-20,S023,Kota,P9883,Clothing,2,2042.72,30.0,1028.85,,Card
INV100431,2024-01-14,S016,Nagpur,P5674,Clothing,6,2338.17,0.0,1296.77,Returning,Cash
INV100432,2023-01-31,S016,Bhopal,P5307,Accessories,2,2250.57,25.0,1130.98,New,Card
INV100433,2024-11-10,S008,Ahmedabad,P8535,Shoes,9,2561.92,10.0,1297.53,,Digital
INV100434,2023-04-06,S029,Lucknow,P2938,Clothing,4,2813.99,5.0,1364.12,New,Card
INV100435,2024-01-05,S015,Bhopal,P4536,Clothing,4,4733.67,0.0,2655.39,,Digital
INV100436,2024-01-21,S033,Kota,P4479,Clothing,1,2613.79,10.0,1205.46,New,Card
INV100437,2023-09-29,S029,Kota,P2604,Shoes,4,3873.42,0.0,2559.91,New,Card
INV100438,2024-01-05,S001,Mumbai,P1400,Clothing,1,4933.57,0.0,2695.29,,Digital
INV100439,2023-02-02,S024,Nagpur,P7346,Accessories,5,1999.64,0.0,965.61,Returning,Digital
INV100440,2024-01-12,S047,Indore,P8362,Shoes,6,2254.02,15.0,1239.52,New,Cash
INV100441,2023-10-20,S013,Indore,P7586,Shoes,10,6067.74,5.0,3440.27,New,Digital
INV100442,2023-01-13,S048,Bhopal,P4477,Shoes,3,2551.98,10.0,1543.82,,Cash
INV100443,2023-07-17,S049,Kota,P1520,Clothing,4,4998.24,5.0,2705.63,Returning,Card
INV100444,2024-02-27,S001,Mumbai,P5224,Accessories,6,1550.89,5.0,781.66,,Digital
INV100445,2024-07-29,S027,Nagpur,P3245,Accessories,5,602.92,0.0,240.02,,Card
INV100446,2023-11-25,S027,Hubli,P4653,Clothing,3,2575.95,20.0,1200.51,New,Cash
INV100447,2023-10-03,S019,Indore,P5734,Clothing,9,2629.43,,1614.26,New,Cash
INV100448,2024-03-06,S033,Thiruvananthapuram,P2910,Clothing,1,4365.02,15.0,2668.81,Returning,Card
INV100449,2024-11-04,S017,Thiruvananthapuram,P7258,Shoes,8,6781.78,0.0,3678.37,New,Cash
INV100450,2023-09-19,S005,Chennai,P8728,Clothing,6,2338.33,15.0,1297.24,New,Digital
INV100451,2023-01-10,S012,Bhopal,P6312,Clothing,4,3647.34,15.0,2158.59,New,Cash
INV100452,2023-04-02,S024,Kota,P7227,Clothing,2,2484.4,20.0,1184.53,,Digital
INV100453,2024-01-09,S033,Nagpur,P7654,Shoes,2,4910.83,0.0,3404.98,,Card
INV100454,2023-03-21,S046,Patna,P6152,Accessories,4,2373.24,10.0,1104.49,New,Cash
INV100455,2024-12-10,S041,Hubli,P4342,Accessories,3,2018.28,0.0,865.45,,Card
INV100456,2024-08-29,S005,Chennai,P8453,Clothing,2,4371.19,0.0,2534.17,,Cash
INV100457,2024-08-25,S018,Lucknow,P2147,Clothing,1,863.02,20.0,480.68,New,Cash
INV100458,2023-03-29,S016,Lucknow,P1392,Clothing,6,1529.06,25.0,741.45,New,Card
INV100459,2023-04-01,S027,Bhopal,P5235,Clothing,2,2208.5,5.0,1224.54,Returning,Card
INV100460,2023-03-27,S017,Nagpur,P6384,Clothing,3,1183.86,15.0,680.5,Returning,Digital
INV100461,2023-05-25,S045,Patna,P7311,Accessories,2,2477.05,20.0,1265.85,Returning,Digital
INV100462,2023-08-23,S013,Bhopal,P8674,Accessories,3,2064.39,15.0,761.43,New,Digital
INV100463,2024-11-10,S007,Pune,P4947,Accessories,10,604.06,15.0,234.7,Returning,Digital
INV100464,2024-06-18,S033,Hubli,P4464,Clothing,5,1039.74,0.0,515.46,,Digital
INV100465,2024-04-10,S017,Nagpur,P3577,Clothing,5,1572.57,,1017.85,New,Card
INV100466,2023-12-14,S021,Indore,P5808,Clothing,7,2996.22,20.0,1531.9,New,Card
INV100467,2023-08-31,S021,Indore,P9303,Clothing,2,3443.64,0.0,1718.49,,Digital
INV100468,2024-01-07,S005,Chennai,P7341,Accessories,6,1464.38,0.0,739.64,Returning,Digital
INV100469,2023-09-16,S027,Kota,P9765,Clothing,6,2688.43,30.0,1668.06,Returning,Digital
INV100470,2023-11-19,S003,Bangalore,P3112,Clothing,3,2714.06,5.0,1566.99,New,Digital
INV100471,2024-09-26,S028,Chandigarh,P2404,Clothing,1,1087.87,20.0,652.87,New,Card
INV100472,2023-04-07,S009,Jaipur,P2745,Shoes,6,1497.11,20.0,843.42,,Card
INV100473,2023-06-17,S028,Kota,P6938,Accessories,5,1193.97,10.0,475.12,New,Cash
INV100474,2024-04-14,S025,Bhopal,P4710,Clothing,5,1890.19,25.0,1130.58,New,Digital
INV100475,2023-10-23,S032,Indore,P9405,Clothing,10,1647.84,20.0,1001.03,Returning,Cash
INV100476,2023-01-29,S040,Kota,P6135,Clothing,3,4219.41,,2485.5,New,Digital
INV100477,2023-12-16,S023,Lucknow,P5166,Accessories,6,424.04,5.0,148.42,,Card
INV100478,2023-02-08,S020,Kota,P6781,Clothing,3,2134.72,30.0,1336.83,Returning,Card
INV100479,2023-04-23,S037,Mysore,P1855,Clothing,2,3638.31,20.0,2187.56,,Card
INV100480,2023-06-04,S009,Jaipur,P9832,Clothing,3,3554.92,25.0,1870.36,,Card
INV100481,2023-02-26,S048,Chandigarh,P1786,Shoes,3,2201.42,20.0,1255.55,,Cash
INV100482,2023-12-14,S022,Kota,P5085,Accessories,10,2020.92,5.0,1058.9,New,Card
INV100483,2023-12-01,S032,Lucknow,P4251,Shoes,3,1348.33,15.0,783.93,Returning,Digital
INV100484,2023-11-15,S031,Kota,P6651,Shoes,10,2997.31,25.0,1915.6,,Cash
INV100485,2023-12-27,S029,Patna,P1193,Accessories,4,2495.1,0.0,1320.41,,Card
INV100486,2023-08-02,S042,Thiruvananthapuram,P1571,Clothing,3,4695.94,25.0,2731.9,Returning,Digital
INV100487,2024-03-18,S033,Kota,P2663,Accessories,1,1244.5,10.0,458.56,New,Digital
INV100488,2024-09-10,S025,Indore,P7829,Clothing,1,4509.06,10.0,2924.07,New,Card
INV100489,2023-12-03,S039,Patna,P3688,Clothing,5,3959.16,25.0,1790.2,New,Card
INV100490,2024-10-26,S002,Delhi,P4524,Shoes,4,3297.93,5.0,2319.36,,Digital
INV100491,2023-06-08,S009,Jaipur,P5245,Clothing,5,1443.47,0.0,776.09,,Card
INV100492,2024-03-06,S022,Nagpur,P4883,Clothing,2,2766.82,0.0,1296.18,,Card
INV100493,2024-06-13,S047,Indore,P8575,Clothing,2,1534.51,,958.26,,Digital
INV100494,2023-08-10,S001,Mumbai,P2414,Shoes,3,3661.58,10.0,2242.33,New,Cash
INV100495,2024-07-26,S035,Kota,P7688,Clothing,6,2143.72,5.0,1038.25,,Card
INV100496,2023-07-23,S011,Mysore,P8299,Clothing,2,2522.54,5.0,1447.04,New,Card
INV100497,2024-08-26,S050,Thiruvananthapuram,P8966,Clothing,3,2043.76,25.0,1090.4,Returning,Cash
INV100498,2024-04-27,S005,Chennai,P7282,Clothing,5,3286.26,0.0,1573.89,New,Card
INV100499,2023-12-29,S030,Thiruvananthapuram,P9976,Clothing,9,3760.84,15.0,2324.41,New,Card
INV100500,2024-05-03,S040,Hubli,P3563,Clothing,3,3791.48,,2220.58,,Digital
INV100501,2023-01-05,S038,Thiruvananthapuram,P4599,Clothing,6,2336.56,20.0,1449.4,Returning,Cash
INV100502,2023-06-10,S002,Delhi,P6295,Accessories,5,1731.97,0.0,705.14,Returning,Card
INV100503,2023-10-09,S021,Bhopal,P2904,Clothing,8,883.29,20.0,494.46,Returning,Card
INV100504,2024-09-16,S005,Chennai,P9830,Accessories,5,2185.62,20.0,772.29,New,Card
INV100505,2023-12-07,S013,Mysore,P1974,Shoes,7,2129.3,0.0,1387.86,,Cash
INV100506,2023-05-31,S047,Indore,P3357,Clothing,3,1041.87,20.0,523.82,,Digital
INV100507,2023-04-02,S025,Patna,P2526,Clothing,2,1610.32,25.0,965.56,,Cash
INV100508,2023-07-03,S003,Bangalore,P6370,Clothing,5,2067.12,0.0,964.98,,Digital
INV100509,2023-06-22,S013,Kota,P2980,Clothing,1,1249.87,10.0,611.8,Returning,Card
INV100510,2024-02-23,S012,Nagpur,P3947,Clothing,3,2828.91,15.0,1286.85,New,Digital
INV100511,2024-10-03,S036,Thiruvananthapuram,P1226,Clothing,3,3413.26,20.0,2154.07,Returning,Card
INV100512,2023-01-24,S004,Hyderabad,P9462,Accessories,5,1752.42,0.0,792.57,New,Digital
INV100513,2024-12-05,S045,Chandigarh,P1091,Clothing,9,3513.77,30.0,1932.79,Returning,Card
INV100514,2024-11-16,S038,Thiruvananthapuram,P3642,Accessories,6,1902.44,,821.39,Returning,Cash
INV100515,2023-07-15,S001,Mumbai,P6346,Shoes,3,2423.56,15.0,1565.9,Returning,Digital
INV100516,2024-07-27,S018,Indore,P9061,Shoes,3,3153.55,15.0,1974.74,New,Card
INV100517,2023-03-26,S001,Mumbai,P3188,Clothing,5,2035.17,15.0,1122.44,New,Card
INV100518,2023-04-27,S047,Bhopal,P7035,Shoes,5,3762.43,5.0,2482.46,New,Card
INV100519,2023-11-03,S033,Chandigarh,P9634,Clothing,6,1884.2,5.0,1142.6,Returning,Digital
INV100520,2024-12-10,S031,Indore,P1759,Clothing,7,4427.06,,2347.45,,Cash
INV100521,2024-11-26,S009,Jaipur,P7168,Clothing,7,4950.8,20.0,2763.48,New,Card
INV100522,2024-06-02,S003,Bangalore,P8611,Clothing,1,907.38,20.0,423.16,,Digital
INV100523,2023-03-24,S042,Indore,P4046,Clothing,6,4327.53,,2474.27,,Card
INV100524,2023-06-18,S017,Lucknow,P4623,Shoes,2,2494.13,5.0,1717.62,New,Cash
INV100525,2024-09-19,S029,Mysore,P2611,Shoes,3,5672.76,15.0,3623.64,Returning,Cash
INV100526,2023-11-17,S013,Hubli,P3629,Accessories,3,810.47,20.0,358.77,,Digital
INV100527,2024-07-21,S032,Hubli,P7023,Clothing,3,1504.53,10.0,718.29,New,Digital
INV100528,2024-08-26,S009,Jaipur,P5630,Clothing,3,4521.53,,2367.18,Returning,Card
INV100529,2024-07-14,S019,Bhopal,P7053,Clothing,2,920.39,0.0,451.83,,Digital
INV100530,2024-12-02,S043,Nagpur,P6903,Clothing,8,4704.14,,2302.95,New,Digital
INV100531,2023-11-04,S001,Mumbai,P2161,Shoes,7,2616.45,0.0,1868.24,New,Digital
INV100532,2024-11-09,S007,Pune,P1029,Accessories,4,821.96,5.0,305.83,Returning,Card
INV100533,2024-03-12,S027,Kota,P9728,Shoes,1,3015.4,0.0,1884.82,New,Card
INV100534,2023-07-27,S038,Chandigarh,P6300,Shoes,2,2500.09,0.0,1365.86,,Cash
INV100535,2024-02-19,S048,Hubli,P9427,Clothing,6,3305.56,10.0,1948.75,New,Card
INV100536,2024-11-08,S042,Patna,P3639,Shoes,3,6964.85,15.0,5004.86,Returning,Digital
INV100537,2024-07-18,S011,Nagpur,P3447,Clothing,2,4580.35,0.0,2294.82,New,Digital
INV100538,2023-05-08,S030,Chandigarh,P1247,Clothing,2,3181.86,10.0,1492.97,,Card
INV100539,2024-03-08,S016,Indore,P8822,Clothing,2,3978.7,20.0,1982.91,,Card
INV100540,2023-12-10,S029,Chandigarh,P4913,Accessories,10,789.1,25.0,381.93,New,Digital
INV100541,2023-07-05,S042,Indore,P7940,Clothing,2,1145.1,0.0,591.25,Returning,Card
INV100542,2024-04-02,S007,Pune,P8026,Accessories,2,678.56,30.0,296.12,New,Digital
INV100543,2024-05-24,S004,Hyderabad,P9304,Shoes,1,5462.52,20.0,3623.21,New,Card
INV100544,2023-04-15,S043,Mysore,P8099,Accessories,5,1876.9,0.0,848.6,Returning,Digital
INV100545,2023-04-04,S013,Patna,P2438,Shoes,2,1220.7,10.0,670.16,,Digital
INV100546,2024-01-09,S027,Patna,P2132,Clothing,3,3578.0,0.0,1846.38,New,Card
INV100547,2023-02-28,S044,Bhopal,P5145,Clothing,5,1905.18,10.0,1096.79,New,Card
INV100548,2024-05-22,S031,Nagpur,P3315,Shoes,5,2893.27,20.0,2041.07,New,Digital
INV100549,2023-05-11,S003,Bangalore,P2849,Accessories,6,1834.43,,854.16,Returning,Card
INV100550,2023-08-15,S027,Hubli,P3650,Shoes,5,2755.86,20.0,1481.33,Returning,Card
INV100551,2023-01-04,S010,Surat,P2916,Clothing,2,3849.66,15.0,2398.12,New,Cash
INV100552,2023-04-05,S020,Thiruvananthapuram,P6215,Clothing,6,1442.62,0.0,901.38,,Digital
INV100553,2024-08-25,S013,Hubli,P9499,Shoes,4,4935.8,15.0,3497.14,New,Digital
INV100554,2023-12-12,S018,Chandigarh,P3108,Clothing,5,2944.09,5.0,1671.09,,Card
INV100555,2024-03-16,S041,Bhopal,P7143,Accessories,6,395.94,0.0,161.79,,Digital
INV100556,2024-12-22,S017,Bhopal,P6253,Clothing,9,2030.91,0.0,1251.05,,Digital
INV100557,2024-04-07,S042,Mysore,P4830,Accessories,3,1301.03,10.0,477.79,Returning,Digital
INV100558,2024-11-23,S024,Patna,P1530,Accessories,7,1825.7,0.0,738.6,Returning,Cash
INV100559,2024-06-21,S031,Indore,P4047,Shoes,6,2972.08,10.0,2005.97,Returning,Card
INV100560,2023-07-21,S027,Bhopal,P5727,Shoes,3,1450.72,10.0,767.21,Returning,Card
INV100561,2023-06-07,S016,Kota,P1601,Clothing,6,1462.75,30.0,740.42,New,Cash
INV100562,2024-03-13,S018,Bhopal,P9364,Clothing,4,4045.49,0.0,2123.6,Returning,Cash
INV100563,2023-09-19,S008,Ahmedabad,P6455,Clothing,1,1580.57,20.0,958.48,New,Digital
INV100564,2024-10-01,S007,Pune,P4943,Clothing,6,3233.52,5.0,1825.46,New,Digital
INV100565,2024-08-11,S006,Kolkata,P8540,Clothing,3,3200.84,25.0,1770.72,New,Card
INV100566,2024-03-27,S022,Patna,P4938,Shoes,3,6507.87,5.0,3275.97,,Cash
INV100567,2023-09-07,S020,Hubli,P8690,Accessories,3,1129.86,20.0,404.03,,Digital
INV100568,2023-01-14,S039,Bhopal,P9984,Accessories,1,1316.28,0.0,618.39,Returning,Card
INV100569,2023-04-18,S020,Bhopal,P4481,Accessories,3,1945.48,25.0,1046.22,,Card
INV100570,2023-04-06,S045,Kota,P9455,Clothing,1,820.18,10.0,436.39,Returning,Cash
INV100571,2023-06-23,S014,Mysore,P7349,Clothing,1,2873.6,25.0,1506.81,Returning,Cash
INV100572,2024-09-08,S046,Kota,P2874,Accessories,5,902.72,15.0,453.43,Returning,Digital
INV100573,2024-06-28,S027,Lucknow,P6912,Clothing,6,2179.44,10.0,1349.08,New,Card
INV100574,2023-06-15,S012,Bhopal,P3696,Clothing,6,3032.43,5.0,1583.36,Returning,Cash
INV100575,2023-03-01,S003,Bangalore,P9942,Clothing,1,4527.19,10.0,2327.65,Returning,Cash
INV100576,2024-07-08,S033,Nagpur,P3812,Clothing,2,1532.88,20.0,746.89,,Digital
INV100577,2023-11-18,S009,Jaipur,P6057,Accessories,7,594.83,15.0,265.7,Returning,Digital
INV100578,2024-07-13,S048,Kota,P3068,Accessories,5,2368.62,15.0,1223.86,Returning,Digital
INV100579,2024-07-17,S003,Bangalore,P9391,Shoes,2,4986.38,15.0,2610.02,,Card
INV100580,2023-03-13,S015,Bhopal,P2424,Shoes,2,6707.29,15.0,3388.12,,Digital
INV100581,2023-09-02,S022,Kota,P2082,Clothing,2,4573.96,0.0,2368.23,New,Card
INV100582,2023-05-04,S006,Kolkata,P8212,Clothing,1,2028.85,30.0,1026.09,,Digital
INV100583,2023-10-15,S043,Chandigarh,P8930,Shoes,3,5446.55,0.0,2996.07,,Digital
INV100584,2023-05-27,S013,Mysore,P5606,Accessories,4,1320.8,10.0,669.93,Returning,Digital
INV100585,2024-06-06,S029,Kota,P8561,Clothing,2,2083.58,0.0,956.62,,Card
INV100586,2024-05-11,S026,Mysore,P3620,Accessories,1,1985.2,15.0,1011.22,Returning,Digital
INV100587,2024-11-04,S033,Mysore,P4241,Clothing,9,4010.37,5.0,2145.6,,Digital
INV100588,2023-12-28,S038,Thiruvananthapuram,P4567,Clothing,4,2264.11,5.0,1073.73,Returning,Card
INV100589,2023-01-02,S041,Nagpur,P3784,Clothing,3,4289.0,15.0,2403.68,Returning,Digital
INV100590,2023-04-08,S028,Mysore,P2650,Clothing,6,2761.7,20.0,1703.66,New,Card
INV100591,2024-06-05,S007,Pune,P4112,Clothing,2,3506.44,5.0,1882.26,New,Digital
INV100592,2024-07-04,S013,Bhopal,P1627,Clothing,2,2915.56,0.0,1799.96,,Digital
INV100593,2024-07-04,S015,Thiruvananthapuram,P3817,Clothing,4,4080.52,20.0,2086.29,,Card
INV100594,2023-04-17,S017,Chandigarh,P2656,Shoes,4,6889.27,5.0,3683.54,New,Cash
INV100595,2023-02-21,S032,Nagpur,P5102,Clothing,2,1153.07,0.0,577.15,New,Card
INV100596,2024-04-17,S015,Lucknow,P2875,Clothing,2,4111.66,0.0,2444.56,Returning,Digital
INV100597,2024-04-08,S021,Patna,P7746,Clothing,6,896.9,10.0,444.05,,Cash
INV100598,2024-02-06,S029,Patna,P9697,Clothing,2,1105.28,10.0,706.91,Returning,Card
INV100599,2024-02-21,S016,Chandigarh,P9333,Clothing,4,1006.23,,496.21,New,Card
INV100600,2024-01-13,S013,Bhopal,P3145,Shoes,4,1277.05,15.0,814.69,Returning,Card
INV100601,2024-10-12,S025,Bhopal,P6324,Clothing,6,2450.95,5.0,1104.18,,Digital
INV100602,2023-12-11,S020,Chandigarh,P3660,Clothing,4,3615.47,20.0,1834.44,New,Card
INV100603,2024-10-19,S046,Nagpur,P7470,Shoes,4,2934.23,30.0,1970.15,,Digital
INV100604,2024-02-29,S007,Pune,P4736,Clothing,1,2748.7,10.0,1504.7,Returning,Cash
INV100605,2023-11-26,S018,Indore,P1691,Accessories,10,2131.66,20.0,913.71,,Card
INV100606,2023-07-27,S034,Nagpur,P7969,Clothing,2,4003.85,0.0,2022.88,New,Cash
INV100607,2023-09-01,S020,Thiruvananthapuram,P8206,Accessories,1,1215.71,10.0,433.73,,Digital
INV100608,2023-04-15,S024,Nagpur,P8755,Clothing,1,2925.72,20.0,1795.13,New,Card
INV100609,2023-06-04,S034,Indore,P3243,Clothing,5,1142.27,5.0,534.7,Returning,Cash
INV100610,2024-03-02,S048,Indore,P9898,Clothing,4,1812.12,0.0,1119.74,,Card
INV100611,2024-09-03,S038,Hubli,P9141,Shoes,1,1782.54,15.0,916.37,Returning,Card
INV100612,2024-03-23,S042,Chandigarh,P2401,Clothing,1,3259.85,5.0,1661.92,New,Cash
INV100613,2024-05-22,S047,Hubli,P7125,Clothing,3,1282.73,10.0,707.75,New,Card
INV100614,2024-06-09,S030,Hubli,P4342,Accessories,3,1616.29,10.0,643.62,New,Cash
INV100615,2024-10-25,S012,Kota,P5245,Shoes,5,4436.58,25.0,2295.91,,Digital
INV100616,2023-07-18,S007,Pune,P8792,Clothing,4,3797.05,15.0,1781.56,,Digital
INV100617,2024-12-04,S028,Mysore,P7137,Clothing,9,1602.63,10.0,1028.94,,Digital
INV100618,2024-10-27,S010,Surat,P6531,Clothing,7,3192.04,5.0,1765.46,,Digital
INV100619,2023-03-25,S024,Hubli,P8523,Accessories,2,467.43,0.0,215.81,Returning,Card
INV100620,2024-09-07,S012,Nagpur,P2451,Shoes,3,6363.56,15.0,3439.31,New,Cash
INV100621,2024-06-26,S036,Mysore,P6391,Clothing,2,4432.27,0.0,2459.57,Returning,Card
INV100622,2023-10-01,S001,Mumbai,P7146,Clothing,6,850.76,10.0,456.95,New,Card
INV100623,2023-08-22,S038,Chandigarh,P2478,Clothing,4,902.03,15.0,423.87,New,Card
INV100624,2023-08-07,S038,Lucknow,P8948,Clothing,1,4955.69,0.0,3108.89,,Card
INV100625,2024-02-13,S006,Kolkata,P6502,Shoes,2,3884.49,0.0,2237.69,,Card
INV100626,2023-07-18,S007,Pune,P6460,Accessories,3,1017.47,10.0,544.93,Returning,Digital
INV100627,2024-10-23,S030,Bhopal,P6205,Accessories,7,2362.11,10.0,1194.23,New,Digital
INV100628,2023-06-29,S009,Jaipur,P9077,Clothing,1,3671.48,0.0,2307.57,,Card
INV100629,2023-12-08,S004,Hyderabad,P8307,Clothing,10,995.42,20.0,614.67,New,Card
INV100630,2023-02-01,S015,Nagpur,P1820,Shoes,1,5510.91,0.0,3366.73,,Card
INV100631,2023-12-14,S001,Mumbai,P1611,Accessories,7,1214.63,25.0,439.03,,Digital
INV100632,2024-03-17,S028,Bhopal,P9078,Clothing,2,4944.21,25.0,2251.43,Returning,Cash
INV100633,2024-08-22,S040,Indore,P9186,Accessories,4,327.57,5.0,139.78,,Digital
INV100634,2023-04-17,S033,Thiruvananthapuram,P1407,Clothing,4,3566.1,10.0,1959.95,New,Digital
INV100635,2024-04-25,S001,Mumbai,P5055,Clothing,3,4489.67,5.0,2617.49,Returning,Digital
INV100636,2024-01-23,S035,Mysore,P7545,Clothing,1,3997.22,10.0,2291.62,,Digital
INV100637,2024-11-06,S010,Surat,P8831,Clothing,3,4507.58,15.0,2600.42,Returning,Digital
INV100638,2024-06-30,S045,Lucknow,P5003,Accessories,1,2383.29,5.0,840.79,New,Cash
INV100639,2023-06-18,S034,Thiruvananthapuram,P6332,Clothing,3,2401.11,15.0,1189.23,,Digital
INV100640,2023-04-14,S029,Nagpur,P5733,Clothing,2,4522.49,0.0,2895.97,Returning,Card
INV100641,2023-10-05,S036,Indore,P6347,Clothing,10,1313.16,0.0,811.09,Returning,Card
INV100642,2024-01-24,S030,Chandigarh,P3345,Shoes,2,4342.36,25.0,2209.8,Returning,Cash
INV100643,2023-05-04,S004,Hyderabad,P2598,Shoes,2,2092.22,25.0,1187.53,New,Digital
INV100644,2024-10-10,S026,Nagpur,P8340,Shoes,8,1950.47,15.0,1054.68,Returning,Cash
INV100645,2024-09-11,S045,Lucknow,P2996,Clothing,5,3381.54,0.0,1773.28,New,Digital
INV100646,2023-01-07,S035,Nagpur,P8253,Clothing,3,3911.13,15.0,2479.68,New,Card
INV100647,2024-02-16,S043,Patna,P2367,Clothing,2,1108.34,0.0,665.64,New,Card
INV100648,2024-11-10,S022,Mysore,P4965,Shoes,3,3573.32,0.0,2140.09,,Digital
INV100649,2023-12-22,S019,Patna,P5623,Clothing,10,3737.45,10.0,1776.95,Returning,Digital
INV100650,2023-08-08,S031,Hubli,P7223,Clothing,4,1986.13,15.0,1236.97,,Cash
INV100651,2023-05-02,S026,Indore,P4795,Clothing,4,2664.85,10.0,1427.07,,Digital
INV100652,2024-10-18,S022,Patna,P3023,Clothing,5,1601.43,25.0,722.61,,Digital
INV100653,2023-03-28,S029,Bhopal,P5714,Accessories,4,976.96,5.0,442.56,,Digital
INV100654,2024-09-28,S046,Lucknow,P5499,Clothing,2,1866.66,0.0,1026.77,,Cash
INV100655,2024-01-19,S045,Indore,P2458,Clothing,2,884.76,20.0,574.31,,Cash
INV100656,2023-08-15,S030,Patna,P6989,Clothing,3,2541.67,25.0,1436.81,Returning,Card
INV100657,2023-03-12,S027,Kota,P7850,Clothing,3,3249.53,,1752.94,,Card
INV100658,2024-10-03,S003,Bangalore,P9373,Clothing,9,2419.16,20.0,1572.2,New,Digital
INV100659,2023-06-12,S050,Hubli,P8235,Clothing,1,4086.39,5.0,2565.62,,Card
INV100660,2023-03-20,S010,Surat,P5946,Accessories,1,680.18,0.0,266.24,Returning,Card
INV100661,2024-07-20,S003,Bangalore,P5574,Accessories,3,793.64,10.0,284.73,Returning,Card
INV100662,2023-08-27,S046,Kota,P3198,Clothing,3,1562.05,10.0,957.74,,Digital
INV100663,2024-02-07,S016,Indore,P6479,Clothing,5,2075.43,5.0,1084.45,Returning,Card
INV100664,2023-11-23,S024,Hubli,P9178,Clothing,3,3700.57,15.0,1984.23,New,Digital
INV100665,2023-08-14,S023,Patna,P2359,Clothing,3,3461.11,10.0,1945.87,New,Digital
INV100666,2023-01-31,S014,Patna,P4430,Clothing,5,2430.75,5.0,1468.11,Returning,Cash
INV100667,2024-04-25,S045,Nagpur,P8261,Clothing,2,4065.34,5.0,2394.62,,Digital
INV100668,2023-07-30,S020,Patna,P6619,Clothing,3,3311.02,5.0,1972.56,New,Card
INV100669,2023-12-23,S049,Thiruvananthapuram,P3420,Accessories,6,680.5,0.0,337.75,New,Card
INV100670,2024-06-11,S048,Chandigarh,P6629,Clothing,4,4513.12,5.0,2877.9,Returning,Digital
INV100671,2023-01-14,S022,Lucknow,P6061,Clothing,2,2148.31,10.0,1052.01,Returning,Card
INV100672,2023-10-06,S012,Patna,P5097,Clothing,5,1290.12,0.0,675.31,New,Digital
INV100673,2024-04-01,S022,Patna,P5295,Clothing,4,3008.93,20.0,1819.88,,Card
INV100674,2024-05-25,S016,Mysore,P5045,Shoes,3,2616.6,15.0,1456.83,New,Card
INV100675,2024-06-20,S024,Lucknow,P4151,Clothing,2,3659.05,25.0,2008.23,,Digital
INV100676,2024-03-11,S018,Kota,P2928,Shoes,5,2288.5,0.0,1502.23,Returning,Card
INV100677,2024-06-24,S025,Nagpur,P5971,Shoes,2,4861.92,0.0,2983.84,New,Digital
INV100678,2023-12-09,S050,Kota,P1327,Clothing,10,2810.32,5.0,1706.01,Returning,Cash
INV100679,2023-07-25,S050,Mysore,P2638,Clothing,2,4753.14,25.0,2250.49,Returning,Cash
INV100680,2023-04-15,S027,Indore,P9860,Accessories,2,1891.11,15.0,781.94,New,Card
INV100681,2024-10-02,S035,Lucknow,P4072,Shoes,9,3884.73,10.0,2173.27,Returning,Card
INV100682,2023-07-29,S043,Indore,P9659,Accessories,3,1235.16,30.0,672.99,,Cash
INV100683,2023-02-14,S043,Hubli,P5509,Clothing,5,3012.31,30.0,1649.68,New,Card
INV100684,2024-08-02,S014,Mysore,P3400,Clothing,3,1937.6,5.0,1050.69,New,Cash
INV100685,2024-11-11,S027,Lucknow,P9290,Clothing,7,2535.92,0.0,1621.22,New,Digital
INV100686,2024-08-21,S012,Nagpur,P9392,Shoes,6,3550.17,20.0,1881.33,Returning,Cash
INV100687,2023-05-15,S030,Kota,P2604,Shoes,5,3635.69,5.0,2030.72,,Digital
INV100688,2023-07-07,S008,Ahmedabad,P7851,Clothing,5,869.68,5.0,448.49,New,Card
INV100689,2024-05-04,S027,Hubli,P4376,Shoes,4,5006.65,5.0,3467.84,New,Digital
INV100690,2024-09-01,S022,Indore,P4443,Accessories,4,669.08,20.0,280.22,Returning,Card
INV100691,2023-12-09,S032,Thiruvananthapuram,P7898,Shoes,5,4960.03,15.0,3195.85,,Card
INV100692,2023-12-04,S034,Patna,P3415,Accessories,9,447.27,10.0,178.03,Returning,Card
INV100693,2023-11-01,S012,Thiruvananthapuram,P2964,Clothing,4,2158.11,10.0,1020.38,Returning,Card
INV100694,2024-08-01,S044,Kota,P1955,Clothing,1,1015.72,25.0,601.26,New,Cash
INV100695,2023-09-04,S025,Indore,P4826,Clothing,4,3732.38,10.0,2274.31,New,Digital
INV100696,2024-01-10,S010,Surat,P7957,Clothing,1,4233.27,20.0,2502.14,,Card
INV100697,2024-03-31,S009,Jaipur,P1128,Accessories,6,2034.02,20.0,1092.94,Returning,Card
INV100698,2024-05-30,S037,Kota,P2479,Accessories,6,567.83,10.0,224.74,Returning,Digital
INV100699,2023-07-06,S021,Thiruvananthapuram,P1310,Accessories,6,1027.42,,553.69,New,Card
INV100700,2024-09-30,S036,Mysore,P3803,Accessories,2,1053.67,0.0,375.93,Returning,Digital
INV100701,2023-06-02,S047,Nagpur,P5803,Clothing,5,4631.08,10.0,2717.36,Returning,Digital
INV100702,2023-08-06,S022,Nagpur,P7473,Clothing,5,1607.94,5.0,765.92,Returning,Card
INV100703,2024-05-01,S042,Hubli,P3888,Clothing,4,2333.46,20.0,1072.65,,Card
INV100704,2023-07-31,S045,Bhopal,P9402,Shoes,4,5990.32,30.0,3164.55,,Digital
INV100705,2023-05-21,S044,Patna,P4054,Accessories,2,2466.51,5.0,1243.05,New,Cash
INV100706,2023-04-04,S019,Hubli,P6674,Clothing,2,2046.67,15.0,1125.41,,Digital
INV100707,2023-02-25,S002,Delhi,P5228,Accessories,6,1544.86,15.0,744.07,,Card
INV100708,2024-10-06,S030,Lucknow,P6001,Clothing,9,2852.94,20.0,1594.38,Returning,Cash
INV100709,2023-05-01,S007,Pune,P6307,Accessories,4,1084.12,5.0,572.18,Returning,Card
INV100710,2024-09-16,S037,Nagpur,P8143,Clothing,1,4071.1,10.0,1901.1,Returning,Cash
INV100711,2023-09-11,S012,Thiruvananthapuram,P2816,Clothing,6,3443.67,10.0,2002.19,,Card
INV100712,2023-09-05,S038,Bhopal,P3709,Clothing,3,2800.7,20.0,1570.42,New,Card
INV100713,2023-03-30,S012,Nagpur,P5986,Accessories,1,2140.7,0.0,760.23,Returning,Cash
INV100714,2024-12-06,S035,Hubli,P6229,Clothing,4,1463.22,15.0,919.48,New,Card
INV100715,2023-06-18,S036,Mysore,P7615,Clothing,4,1332.98,15.0,702.51,Returning,Cash
INV100716,2023-03-31,S049,Chandigarh,P2926,Clothing,5,4720.05,30.0,2939.93,,Card
INV100717,2023-04-10,S007,Pune,P7905,Shoes,2,3067.78,15.0,1808.91,Returning,Card
INV100718,2023-05-29,S010,Surat,P8547,Accessories,6,1825.01,10.0,774.37,,Cash
INV100719,2023-12-14,S023,Chandigarh,P7614,Clothing,7,2955.64,25.0,1770.78,,Cash
INV100720,2024-07-21,S020,Indore,P4196,Accessories,5,1288.7,0.0,486.61,,Cash
INV100721,2023-02-10,S027,Chandigarh,P9822,Shoes,1,4267.77,15.0,2654.02,New,Card
INV100722,2023-09-13,S045,Lucknow,P4902,Accessories,1,2398.11,15.0,1051.38,New,Card
INV100723,2023-08-31,S049,Thiruvananthapuram,P7520,Clothing,2,4496.49,25.0,2157.58,Returning,Cash
INV100724,2023-01-05,S003,Bangalore,P8146,Accessories,2,969.23,10.0,481.09,New,Digital
INV100725,2024-04-06,S001,Mumbai,P3438,Accessories,2,2070.73,,943.9,New,Card
INV100726,2024-02-12,S031,Indore,P2449,Accessories,3,360.51,30.0,161.75,,Card
INV100727,2023-08-27,S036,Bhopal,P6052,Accessories,3,1724.65,15.0,757.03,,Digital
INV100728,2023-12-22,S005,Chennai,P3026,Shoes,10,6745.64,20.0,4451.28,,Card
INV100729,2023-05-10,S015,Mysore,P4634,Clothing,5,4941.5,,3048.36,Returning,Card
INV100730,2023-10-08,S036,Patna,P5912,Clothing,7,3018.21,15.0,1539.64,,Digital
INV100731,2024-10-08,S030,Thiruvananthapuram,P6287,Clothing,5,2748.27,0.0,1393.9,New,Digital
INV100732,2024-06-03,S018,Kota,P2822,Shoes,1,5933.4,0.0,3604.18,Returning,Card
INV100733,2023-12-28,S022,Kota,P6002,Clothing,8,3956.54,25.0,2528.9,New,Card
INV100734,2023-01-24,S021,Mysore,P9222,Shoes,5,6186.39,,3721.6,New,Card
INV100735,2023-08-09,S035,Hubli,P6908,Clothing,4,4819.18,0.0,2412.94,New,Digital
INV100736,2024-12-27,S027,Lucknow,P5838,Shoes,9,2689.07,0.0,1830.22,Returning,Card
INV100737,2023-02-20,S039,Kota,P2171,Clothing,5,3117.51,10.0,1732.78,,Digital
INV100738,2023-12-23,S030,Bhopal,P4868,Clothing,4,1127.55,20.0,732.4,New,Cash
INV100739,2024-06-29,S050,Hubli,P7699,Shoes,3,3172.75,10.0,2158.5,,Digital
INV100740,2023-07-23,S010,Surat,P6629,Shoes,1,1342.72,15.0,830.01,New,Card
INV100741,2024-08-28,S009,Jaipur,P5185,Clothing,3,812.25,20.0,380.52,Returning,Cash
INV100742,2024-11-26,S021,Lucknow,P1987,Accessories,5,2465.91,25.0,876.53,Returning,Card
INV100743,2023-09-05,S015,Indore,P4771,Clothing,5,2694.87,15.0,1715.02,New,Card
INV100744,2024-08-21,S026,Bhopal,P3580,Clothing,1,2126.61,0.0,1159.08,Returning,Card
INV100745,2024-04-03,S032,Indore,P2200,Clothing,2,3653.91,15.0,1714.95,,Card
INV100746,2024-01-15,S025,Nagpur,P7935,Clothing,2,3639.7,,1937.96,Returning,Card
INV100747,2024-04-19,S022,Kota,P4649,Clothing,3,4565.2,15.0,2962.65,,Digital
INV100748,2023-08-31,S032,Patna,P9829,Clothing,2,4233.22,10.0,2631.7,,Digital
INV100749,2023-05-27,S008,Ahmedabad,P3953,Clothing,2,4303.69,0.0,2221.66,,Digital
INV100750,2024-11-16,S002,Delhi,P3070,Clothing,10,1099.57,10.0,502.85,New,Digital
INV100751,2023-12-19,S017,Mysore,P1065,Clothing,9,1679.78,5.0,974.09,New,Cash
INV100752,2024-05-27,S007,Pune,P7398,Clothing,1,2055.98,20.0,1175.84,,Cash
INV100753,2024-03-24,S045,Bhopal,P3319,Shoes,3,6530.41,20.0,4583.99,,Card
INV100754,2024-11-20,S002,Delhi,P6578,Clothing,10,1921.82,15.0,1218.76,Returning,Card
INV100755,2023-03-16,S047,Bhopal,P2495,Shoes,4,1224.59,0.0,724.77,New,Card
INV100756,2024-02-03,S026,Mysore,P2972,Shoes,1,4281.96,,2733.44,,Card
INV100757,2023-01-02,S038,Nagpur,P9674,Shoes,6,3607.04,20.0,2415.46,,Cash
INV100758,2023-01-09,S026,Lucknow,P6665,Clothing,1,1777.89,,862.0,Returning,Digital
INV100759,2024-05-27,S027,Mysore,P8380,Clothing,4,2076.98,5.0,937.58,,Cash
INV100760,2023-08-26,S037,Patna,P2258,Clothing,3,2223.03,5.0,1172.78,New,Card
INV100761,2023-11-15,S003,Bangalore,P1602,Clothing,4,4428.43,15.0,2070.33,,Card
INV100762,2024-09-26,S010,Surat,P8491,Clothing,5,3171.37,5.0,1677.49,New,Card
INV100763,2024-06-05,S037,Thiruvananthapuram,P7002,Clothing,4,2069.45,10.0,1154.79,,Card
INV100764,2024-07-09,S009,Jaipur,P3637,Clothing,6,1269.88,15.0,627.9,Returning,Card
INV100765,2024-07-09,S044,Mysore,P6312,Clothing,3,4240.84,20.0,2318.62,New,Card
INV100766,2024-01-04,S032,Lucknow,P4822,Clothing,3,880.45,20.0,543.64,New,Cash
INV100767,2024-04-13,S033,Bhopal,P2922,Clothing,6,4243.78,0.0,2666.34,New,Card
INV100768,2024-09-25,S005,Chennai,P4206,Accessories,5,1682.61,10.0,797.65,,Cash
INV100769,2023-11-01,S037,Patna,P5559,Shoes,4,1870.02,0.0,1117.81,New,Card
INV100770,2024-08-10,S034,Nagpur,P3666,Accessories,1,814.06,0.0,347.07,New,Cash
INV100771,2023-06-03,S014,Bhopal,P9760,Accessories,6,612.57,15.0,309.96,New,Card
INV100772,2023-07-09,S043,Indore,P4588,Clothing,2,2769.7,5.0,1630.98,New,Digital
INV100773,2024-06-26,S006,Kolkata,P7060,Clothing,1,1194.6,15.0,672.79,New,Cash
INV100774,2024-03-07,S036,Chandigarh,P3658,Shoes,5,3370.13,15.0,2226.64,,Digital
INV100775,2024-10-15,S029,Mysore,P8056,Shoes,3,5607.98,15.0,3071.01,Returning,Card
INV100776,2024-12-27,S028,Hubli,P9118,Clothing,4,2592.96,20.0,1533.31,,Cash
INV100777,2024-04-02,S020,Hubli,P2724,Clothing,4,908.72,15.0,494.37,Returning,Digital
INV100778,2023-03-14,S022,Patna,P3188,Clothing,2,4875.39,5.0,2660.05,Returning,Card
INV100779,2024-07-26,S048,Patna,P9080,Shoes,1,2831.5,5.0,1634.87,,Digital
INV100780,2023-01-06,S025,Nagpur,P8196,Clothing,2,1665.84,10.0,872.53,,Digital
INV100781,2023-02-11,S047,Nagpur,P9754,Accessories,6,2139.36,15.0,849.68,,Digital
INV100782,2023-11-12,S013,Hubli,P9462,Clothing,8,2857.96,10.0,1500.95,New,Card
INV100783,2023-10-05,S005,Chennai,P9282,Clothing,5,4919.54,5.0,2327.51,,Digital
INV100784,2023-03-14,S006,Kolkata,P7037,Accessories,1,521.08,5.0,233.67,Returning,Cash
INV100785,2024-05-23,S039,Nagpur,P4678,Clothing,2,1488.9,15.0,930.45,Returning,Card
INV100786,2023-01-07,S040,Hubli,P2741,Clothing,1,3834.99,5.0,2283.01,Returning,Digital
INV100787,2023-02-21,S033,Thiruvananthapuram,P8540,Shoes,3,2155.19,0.0,1191.46,New,Digital
INV100788,2023-05-25,S004,Hyderabad,P8599,Accessories,2,1482.5,25.0,610.48,New,Card
INV100789,2023-09-18,S016,Chandigarh,P4548,Clothing,4,4074.07,0.0,2545.08,Returning,Card
INV100790,2023-11-18,S026,Lucknow,P8915,Clothing,10,2391.02,0.0,1162.77,New,Card
INV100791,2023-03-27,S016,Lucknow,P6300,Shoes,4,2129.54,0.0,1411.62,New,Digital
INV100792,2024-02-02,S035,Chandigarh,P2605,Clothing,5,3810.37,10.0,1740.78,Returning,Digital
INV100793,2024-04-01,S022,Lucknow,P4856,Clothing,3,2175.91,10.0,1016.57,Returning,Digital
INV100794,2024-07-23,S049,Bhopal,P4986,Shoes,1,6213.82,20.0,3276.96,,Digital
INV100795,2023-08-08,S045,Lucknow,P1160,Accessories,2,310.44,20.0,116.98,New,Cash
INV100796,2023-09-26,S016,Chandigarh,P1096,Clothing,5,4440.2,20.0,2096.98,New,Digital
INV100797,2024-09-20,S042,Lucknow,P2302,Accessories,4,1437.88,5.0,536.02,,Card
INV100798,2023-09-14,S038,Mysore,P2145,Accessories,6,1502.28,,633.03,,Digital
INV100799,2023-03-01,S028,Nagpur,P1858,Accessories,3,1319.95,15.0,562.54,,Cash
INV100800,2024-08-19,S035,Thiruvananthapuram,P9166,Clothing,4,1431.61,5.0,893.09,Returning,Cash
INV100801,2023-04-05,S025,Bhopal,P4926,Clothing,3,1349.19,25.0,614.99,Returning,Card
INV100802,2023-05-20,S041,Thiruvananthapuram,P1405,Shoes,3,6641.32,0.0,3683.01,New,Cash
INV100803,2024-11-26,S024,Mysore,P2461,Clothing,7,2654.0,0.0,1556.79,,Digital
INV100804,2023-04-16,S037,Bhopal,P8943,Clothing,1,1877.5,15.0,856.69,,Digital
INV100805,2024-03-07,S032,Patna,P1035,Clothing,4,2277.59,0.0,1039.34,Returning,Card
INV100806,2023-07-22,S049,Nagpur,P2430,Accessories,1,1420.29,30.0,632.22,Returning,Card
INV100807,2024-12-18,S029,Chandigarh,P1294,Accessories,9,1735.35,0.0,781.05,,Card
INV100808,2023-12-20,S042,Indore,P5401,Accessories,4,496.07,5.0,250.57,Returning,Cash
INV100809,2024-02-26,S008,Ahmedabad,P8216,Accessories,3,701.3,10.0,326.85,New,Digital
INV100810,2023-12-02,S043,Mysore,P3333,Accessories,5,2309.86,20.0,1223.82,New,Card
INV100811,2024-08-18,S012,Chandigarh,P3344,Clothing,5,2312.55,5.0,1497.72,Returning,Digital
INV100812,2023-09-19,S020,Chandigarh,P4742,Clothing,6,1732.52,30.0,974.99,New,Card
INV100813,2024-05-10,S018,Hubli,P2740,Accessories,3,446.68,,180.59,New,Card
INV100814,2023-06-02,S043,Mysore,P9549,Clothing,3,3754.26,10.0,2155.61,,Card
INV100815,2024-12-13,S033,Bhopal,P9068,Clothing,10,2101.49,15.0,1303.59,New,Card
INV100816,2024-07-19,S005,Chennai,P3592,Clothing,6,2276.48,,1042.38,Returning,Cash
INV100817,2023-10-17,S018,Hubli,P9888,Shoes,10,4976.3,20.0,3150.44,New,Card
INV100818,2024-02-25,S032,Patna,P9934,Clothing,3,1123.45,15.0,702.29,,Cash
INV100819,2023-03-13,S017,Mysore,P1999,Clothing,1,3682.7,10.0,2051.02,Returning,Card
INV100820,2024-10-01,S005,Chennai,P9218,Clothing,8,2960.71,10.0,1394.1,New,Cash
INV100821,2023-09-06,S039,Mysore,P2127,Shoes,3,6157.8,20.0,4251.9,,Cash
INV100822,2024-10-23,S024,Chandigarh,P6350,Clothing,6,2586.07,10.0,1478.46,New,Card
INV100823,2024-07-24,S047,Kota,P9198,Accessories,6,1578.63,5.0,707.92,Returning,Cash
INV100824,2023-01-15,S034,Nagpur,P3139,Accessories,2,756.75,10.0,313.06,Returning,Cash
INV100825,2023-05-19,S041,Chandigarh,P3922,Accessories,3,1504.56,20.0,774.66,Returning,Card
INV100826,2024-05-07,S004,Hyderabad,P6369,Accessories,6,939.49,0.0,515.57,,Card
INV100827,2023-06-29,S029,Chandigarh,P8539,Shoes,3,3319.15,5.0,1710.09,,Card
INV100828,2024-06-22,S026,Patna,P1706,Clothing,6,1392.67,10.0,667.45,New,Card
INV100829,2023-05-21,S027,Indore,P8586,Clothing,6,3528.71,5.0,1691.0,Returning,Digital
INV100830,2023-12-01,S046,Nagpur,P9987,Shoes,9,6150.48,10.0,3158.08,Returning,Card
INV100831,2023-12-22,S028,Mysore,P6201,Clothing,3,4274.25,30.0,2078.55,,Digital
INV100832,2023-10-15,S036,Kota,P8030,Clothing,10,3774.16,10.0,1918.41,Returning,Card
INV100833,2023-04-25,S022,Mysore,P4833,Clothing,4,1572.11,15.0,765.12,New,Cash
INV100834,2024-04-19,S005,Chennai,P8023,Accessories,2,1941.68,0.0,973.1,,Digital
INV100835,2024-07-10,S008,Ahmedabad,P2447,Accessories,4,2167.19,30.0,964.67,Returning,Digital
INV100836,2024-01-18,S009,Jaipur,P9345,Clothing,3,2954.19,5.0,1478.47,New,Cash
INV100837,2024-04-11,S019,Thiruvananthapuram,P5407,Shoes,2,1342.33,,709.44,,Card
INV100838,2023-05-22,S018,Patna,P5816,Accessories,4,1768.8,5.0,793.58,,Digital
INV100839,2023-02-12,S006,Kolkata,P8974,Clothing,1,3520.33,5.0,1974.84,,Digital
INV100840,2024-10-29,S014,Nagpur,P1525,Clothing,6,2952.43,0.0,1443.1,,Card
INV100841,2024-12-26,S046,Chandigarh,P1611,Clothing,10,2960.03,,1521.48,Returning,Digital
INV100842,2024-07-18,S012,Patna,P1884,Clothing,1,3779.41,0.0,2363.06,,Digital
INV100843,2024-07-07,S025,Lucknow,P3689,Clothing,1,4398.78,10.0,2849.65,New,Digital
INV100844,2024-09-19,S032,Lucknow,P4505,Shoes,1,5028.57,0.0,3091.9,Returning,Card
INV100845,2023-05-05,S030,Nagpur,P7395,Accessories,4,1589.91,0.0,703.96,,Digital
INV100846,2023-03-26,S024,Chandigarh,P4904,Clothing,6,3215.09,0.0,1748.17,Returning,Digital
INV100847,2023-03-05,S040,Thiruvananthapuram,P8446,Shoes,1,3161.57,15.0,2152.48,Returning,Card
INV100848,2024-03-18,S016,Bhopal,P2594,Shoes,6,4802.82,,2630.14,,Cash
INV100849,2023-04-01,S044,Patna,P1421,Shoes,1,2505.15,20.0,1326.43,,Card
INV100850,2024-06-03,S008,Ahmedabad,P2534,Clothing,1,2740.49,15.0,1458.93,,Digital
INV100851,2024-01-17,S039,Nagpur,P6939,Accessories,1,1459.51,15.0,730.98,,Digital
INV100852,2023-07-26,S047,Mysore,P8353,Clothing,4,2771.12,15.0,1361.66,Returning,Card
INV100853,2024-05-24,S031,Kota,P9082,Clothing,4,2476.55,10.0,1548.84,New,Card
INV100854,2023-12-23,S006,Kolkata,P6833,Accessories,7,935.62,30.0,358.53,New,Cash
INV100855,2023-04-03,S043,Hubli,P4081,Clothing,5,3595.64,5.0,2278.01,Returning,Digital
INV100856,2024-09-03,S036,Bhopal,P6070,Clothing,1,2983.84,0.0,1729.35,,Digital
INV100857,2024-09-22,S046,Nagpur,P2024,Shoes,2,4721.91,5.0,2551.06,,Card
INV100858,2023-10-17,S034,Hubli,P2121,Accessories,10,1424.16,0.0,753.75,,Cash
INV100859,2023-09-28,S011,Lucknow,P6129,Clothing,4,3775.07,10.0,1813.45,,Cash
INV100860,2024-10-11,S005,Chennai,P1927,Shoes,8,4449.38,0.0,3013.62,New,Card
INV100861,2023-09-28,S009,Jaipur,P8268,Accessories,1,767.78,10.0,316.91,,Card
INV100862,2024-06-07,S034,Nagpur,P3784,Clothing,1,4652.89,15.0,2926.48,New,Card
INV100863,2023-08-14,S037,Kota,P2432,Clothing,6,3379.21,20.0,1739.93,Returning,Cash
INV100864,2024-06-03,S047,Thiruvananthapuram,P5291,Accessories,3,824.55,10.0,403.38,New,Card
INV100865,2023-01-17,S031,Chandigarh,P8812,Accessories,2,1499.9,5.0,739.37,,Digital
INV100866,2023-03-16,S011,Mysore,P8638,Clothing,5,4624.28,10.0,2728.21,,Card
INV100867,2023-01-04,S047,Indore,P9501,Shoes,6,2746.44,,1828.32,Returning,Digital
INV100868,2023-10-24,S046,Indore,P7539,Clothing,10,4238.73,5.0,2657.32,New,Card
INV100869,2023-09-19,S021,Thiruvananthapuram,P3744,Clothing,2,3068.03,10.0,1500.27,,Digital
INV100870,2024-02-14,S011,Kota,P5519,Clothing,5,2932.86,5.0,1446.34,,Card
INV100871,2024-10-15,S014,Kota,P8659,Accessories,5,316.13,,138.7,New,Card
INV100872,2023-09-19,S009,Jaipur,P9439,Shoes,4,1389.98,20.0,939.27,Returning,Card
INV100873,2024-04-06,S001,Mumbai,P7772,Shoes,6,4358.26,0.0,2831.97,New,Card
INV100874,2023-09-13,S021,Chandigarh,P2243,Shoes,5,5134.36,20.0,2783.8,,Cash
INV100875,2023-03-29,S048,Bhopal,P3904,Clothing,5,4395.19,25.0,2178.18,New,Card
INV100876,2024-05-01,S048,Nagpur,P6632,Clothing,1,988.07,0.0,533.53,,Digital
INV100877,2023-11-20,S020,Patna,P6171,Accessories,3,1151.72,5.0,627.9,,Cash
INV100878,2024-12-06,S007,Pune,P7046,Clothing,4,4959.3,10.0,2948.56,,Digital
INV100879,2024-11-20,S021,Bhopal,P3152,Clothing,4,4497.04,,2538.6,,Cash
INV100880,2024-12-02,S002,Delhi,P3062,Clothing,10,1954.32,0.0,951.53,,Card
INV100881,2024-07-02,S033,Lucknow,P5155,Shoes,3,2961.44,5.0,1524.06,Returning,Digital
INV100882,2023-06-08,S039,Lucknow,P9069,Clothing,1,4677.44,15.0,2233.26,New,Digital
INV100883,2023-11-04,S015,Nagpur,P1767,Shoes,4,1672.24,,853.25,,Card
INV100884,2024-10-23,S014,Patna,P3823,Accessories,5,950.16,10.0,424.65,New,Card
INV100885,2024-09-26,S017,Hubli,P4553,Clothing,5,3303.65,15.0,1977.11,,Cash
INV100886,2024-04-13,S034,Chandigarh,P2007,Clothing,1,3588.29,0.0,2202.92,Returning,Cash
INV100887,2024-12-05,S008,Ahmedabad,P7722,Shoes,10,4190.92,15.0,2818.43,Returning,Card
INV100888,2023-08-09,S035,Chandigarh,P6191,Shoes,4,3890.13,5.0,2154.75,New,Digital
INV100889,2023-10-27,S031,Thiruvananthapuram,P7807,Clothing,9,1261.39,15.0,781.7,Returning,Card
INV100890,2024-04-19,S024,Nagpur,P1113,Clothing,6,2442.15,10.0,1344.52,New,Card
INV100891,2023-12-15,S015,Mysore,P6213,Accessories,5,1384.62,15.0,682.06,,Card
INV100892,2023-10-11,S017,Mysore,P7637,Shoes,3,2414.82,20.0,1587.99,New,Card
INV100893,2024-10-30,S048,Nagpur,P2274,Clothing,3,1016.62,10.0,515.08,New,Digital
INV100894,2023-06-11,S014,Mysore,P3852,Clothing,2,1111.2,20.0,688.79,New,Cash
INV100895,2023-03-31,S040,Hubli,P2615,Clothing,3,1081.53,0.0,630.61,New,Digital
INV100896,2023-12-11,S013,Patna,P5575,Clothing,3,3110.39,20.0,1478.11,,Card
INV100897,2024-12-20,S017,Nagpur,P9821,Clothing,4,3847.61,10.0,1761.25,,Cash
INV100898,2023-01-25,S011,Thiruvananthapuram,P6919,Clothing,2,2792.63,10.0,1458.79,,Card
INV100899,2024-03-03,S013,Chandigarh,P9130,Accessories,6,1307.01,,716.89,Returning,Card
INV100900,2024-02-08,S030,Mysore,P9417,Clothing,1,2109.99,25.0,1264.76,New,Card
INV100901,2023-08-10,S046,Thiruvananthapuram,P9153,Clothing,6,4579.61,30.0,2475.25,,Card
INV100902,2023-04-26,S049,Chandigarh,P3194,Accessories,1,1190.3,15.0,628.5,New,Digital
INV100903,2024-09-03,S043,Thiruvananthapuram,P5173,Clothing,2,1182.68,20.0,699.03,Returning,Cash
INV100904,2023-11-08,S041,Kota,P9751,Shoes,9,1717.77,0.0,1151.74,New,Card
INV100905,2024-11-15,S008,Ahmedabad,P6611,Shoes,4,1647.41,20.0,1008.42,,Card
INV100906,2023-05-29,S036,Nagpur,P7251,Clothing,2,2559.21,30.0,1513.56,Returning,Digital
INV100907,2023-01-01,S008,Ahmedabad,P9617,Clothing,1,895.76,20.0,426.77,Returning,Digital
INV100908,2023-02-01,S031,Kota,P1785,Clothing,5,3641.93,0.0,1933.7,,Card
INV100909,2023-03-18,S035,Chandigarh,P6864,Accessories,5,2413.18,0.0,1219.93,Returning,Digital
INV100910,2024-09-10,S037,Patna,P2475,Clothing,4,2633.94,10.0,1462.72,Returning,Card
INV100911,2023-04-19,S001,Mumbai,P1958,Shoes,4,4538.05,10.0,2548.4,,Digital
INV100912,2023-09-07,S048,Indore,P1341,Clothing,5,3181.98,5.0,2044.12,New,Card
INV100913,2023-12-25,S050,Kota,P6234,Shoes,4,3797.66,0.0,2613.88,New,Card
INV100914,2023-01-13,S023,Mysore,P5146,Clothing,5,3002.02,,1601.87,New,Cash
INV100915,2024-11-19,S037,Hubli,P3844,Shoes,10,6707.01,5.0,4273.12,Returning,Card
INV100916,2024-05-10,S032,Mysore,P1081,Accessories,5,2125.38,25.0,1131.28,,Cash
INV100917,2023-07-30,S010,Surat,P6852,Clothing,1,4795.97,20.0,2409.36,Returning,Cash
INV100918,2023-05-30,S022,Patna,P6564,Shoes,5,3280.73,20.0,2326.88,,Card
INV100919,2023-08-06,S025,Nagpur,P8128,Accessories,2,1763.43,30.0,649.22,Returning,Card
INV100920,2024-09-13,S001,Mumbai,P2717,Clothing,3,1713.4,30.0,989.29,Returning,Digital
INV100921,2023-12-07,S022,Nagpur,P4759,Accessories,3,1195.05,5.0,535.26,Returning,Digital
INV100922,2024-05-26,S041,Thiruvananthapuram,P7650,Clothing,1,4249.1,0.0,2489.78,,Digital
INV100923,2023-04-18,S003,Bangalore,P4154,Accessories,6,1442.03,25.0,553.11,Returning,Digital
INV100924,2023-06-30,S022,Lucknow,P4898,Accessories,2,2018.17,15.0,834.01,New,Card
INV100925,2023-12-01,S004,Hyderabad,P7902,Clothing,4,3202.12,5.0,1932.62,New,Card
INV100926,2024-03-30,S009,Jaipur,P8738,Clothing,2,4360.21,0.0,2470.66,New,Cash
INV100927,2024-04-03,S034,Mysore,P9677,Accessories,2,2450.53,10.0,1006.25,New,Card
INV100928,2024-11-15,S028,Lucknow,P1987,Clothing,3,2841.85,20.0,1358.16,,Card
INV100929,2023-07-19,S023,Indore,P5496,Shoes,5,4062.76,30.0,2924.04,Returning,Card
INV100930,2024-12-26,S039,Kota,P4643,Accessories,3,2387.5,20.0,1125.59,New,Card
INV100931,2023-10-24,S022,Kota,P8154,Clothing,10,839.04,10.0,396.44,Returning,Digital
INV100932,2024-03-18,S046,Mysore,P4299,Clothing,2,4070.06,5.0,2551.44,New,Card
INV100933,2023-10-10,S049,Nagpur,P9021,Clothing,5,4978.91,5.0,2956.52,New,Card
INV100934,2023-10-08,S049,Chandigarh,P2523,Accessories,9,632.47,0.0,287.14,Returning,Cash
INV100935,2024-04-03,S011,Mysore,P9610,Clothing,1,4765.7,5.0,2382.73,Returning,Card
INV100936,2023-02-07,S033,Kota,P9821,Shoes,4,6336.96,15.0,3265.22,New,Cash
INV100937,2024-10-18,S021,Hubli,P7805,Accessories,5,2313.45,20.0,863.58,,Digital
INV100938,2024-02-05,S037,Lucknow,P6604,Clothing,1,4086.79,15.0,1886.44,,Digital
INV100939,2023-11-22,S041,Bhopal,P7252,Clothing,9,3692.65,0.0,1672.84,Returning,Digital
INV100940,2024-02-08,S007,Pune,P7756,Accessories,4,1336.55,5.0,559.5,New,Card
INV100941,2024-10-13,S005,Chennai,P6525,Clothing,4,1662.58,5.0,1040.24,,Card
INV100942,2023-08-22,S010,Surat,P2370,Clothing,4,4657.24,5.0,2396.08,Returning,Digital
INV100943,2024-05-10,S015,Bhopal,P1090,Accessories,5,2361.58,25.0,992.62,Returning,Cash
INV100944,2024-04-01,S045,Mysore,P6427,Clothing,5,2890.1,5.0,1515.8,New,Card
INV100945,2024-02-05,S011,Patna,P3115,Clothing,5,2032.53,10.0,1149.64,Returning,Card
INV100946,2023-06-25,S005,Chennai,P1312,Clothing,5,1992.4,25.0,1165.3,New,Card
INV100947,2024-05-10,S044,Indore,P7889,Clothing,2,1772.38,15.0,961.72,,Digital
INV100948,2023-05-16,S011,Nagpur,P1682,Accessories,4,2243.85,0.0,1182.53,New,Digital
INV100949,2023-10-30,S019,Indore,P5840,Clothing,3,2060.77,5.0,1329.37,Returning,Digital
INV100950,2023-08-16,S029,Bhopal,P6092,Clothing,4,1728.15,10.0,1122.07,,Card
INV100951,2024-04-25,S024,Kota,P3318,Shoes,2,3522.79,20.0,2088.51,,Digital
INV100952,2024-02-02,S003,Bangalore,P8489,Clothing,2,3012.89,0.0,1569.89,Returning,Card
INV100953,2024-01-04,S037,Bhopal,P3627,Accessories,1,1780.36,0.0,796.95,Returning,Digital
INV100954,2024-05-01,S050,Mysore,P7153,Clothing,5,3891.74,10.0,2323.78,,Digital
INV100955,2024-01-22,S023,Patna,P1553,Shoes,1,6653.01,10.0,4464.75,,Card
INV100956,2024-06-14,S026,Lucknow,P8350,Shoes,1,5808.23,10.0,3177.71,Returning,Digital
INV100957,2023-07-19,S033,Kota,P9019,Shoes,5,5383.58,10.0,2949.51,Returning,Card
INV100958,2024-05-13,S003,Bangalore,P6353,Clothing,6,3822.2,5.0,2383.12,Returning,Digital
INV100959,2023-07-19,S007,Pune,P4766,Shoes,3,6105.58,20.0,3839.38,New,Card
INV100960,2023-01-22,S032,Patna,P7397,Clothing,5,1737.83,15.0,1048.56,Returning,Digital
INV100961,2023-09-08,S014,Lucknow,P3993,Shoes,3,2874.49,0.0,2020.11,New,Digital
INV100962,2024-07-26,S025,Bhopal,P4585,Accessories,5,959.11,25.0,482.36,Returning,Card
INV100963,2024-06-26,S049,Kota,P5603,Clothing,6,3874.47,,2252.14,New,Card
INV100964,2023-02-23,S013,Patna,P4216,Accessories,3,1623.88,30.0,888.92,New,Digital
INV100965,2023-03-20,S028,Lucknow,P9637,Accessories,5,1212.14,15.0,610.54,Returning,Digital
INV100966,2024-02-22,S040,Nagpur,P7752,Shoes,3,6393.64,0.0,4035.72,,Digital
INV100967,2023-05-15,S007,Pune,P5387,Shoes,4,3001.38,0.0,1666.62,Returning,Digital
INV100968,2024-12-04,S043,Chandigarh,P3463,Clothing,5,1067.47,5.0,496.42,Returning,Card
INV100969,2024-08-16,S005,Chennai,P3553,Accessories,4,594.5,15.0,213.79,,Card
INV100970,2024-02-17,S003,Bangalore,P6171,Accessories,4,2350.84,25.0,1231.82,,Digital
INV100971,2024-05-23,S035,Kota,P6645,Shoes,4,5797.22,15.0,4036.02,Returning,Card
INV100972,2024-02-16,S015,Hubli,P2795,Clothing,2,4644.77,15.0,2763.83,,Digital
INV100973,2023-09-07,S015,Bhopal,P4777,Accessories,1,1714.94,15.0,682.35,,Card
INV100974,2023-12-03,S032,Indore,P7460,Clothing,7,2720.33,10.0,1333.63,,Card
INV100975,2024-12-13,S026,Bhopal,P5305,Clothing,7,3232.62,15.0,1576.66,Returning,Card
INV100976,2024-09-04,S024,Indore,P2197,Clothing,6,4734.85,10.0,2813.04,New,Digital
INV100977,2024-12-03,S040,Kota,P4370,Accessories,10,1303.47,0.0,712.49,,Cash
INV100978,2023-04-01,S029,Chandigarh,P1855,Shoes,4,6592.37,15.0,3443.58,,Digital
INV100979,2023-01-17,S036,Thiruvananthapuram,P2889,Shoes,2,3798.7,25.0,2032.2,,Card
INV100980,2024-08-29,S049,Lucknow,P2642,Clothing,1,4660.97,10.0,2737.23,New,Cash
INV100981,2024-07-07,S017,Kota,P2497,Clothing,3,2751.17,10.0,1244.75,New,Card
INV100982,2024-02-15,S021,Thiruvananthapuram,P2176,Shoes,2,5880.02,10.0,3089.19,New,Card
INV100983,2024-11-24,S008,Ahmedabad,P8150,Shoes,10,6903.05,15.0,4362.87,New,Digital
INV100984,2023-05-16,S011,Hubli,P4432,Clothing,4,1217.87,10.0,610.24,Returning,Digital
INV100985,2023-08-24,S049,Nagpur,P7893,Clothing,6,2975.74,5.0,1781.75,,Card
INV100986,2023-02-18,S019,Kota,P8031,Shoes,6,1635.41,15.0,1101.24,New,Cash
INV100987,2024-07-25,S047,Bhopal,P1380,Shoes,3,6597.11,15.0,3844.55,,Card
INV100988,2023-06-29,S021,Patna,P7804,Shoes,2,3510.48,25.0,1991.5,New,Cash
INV100989,2024-03-14,S039,Kota,P1753,Clothing,1,2591.5,25.0,1480.84,New,Cash
INV100990,2023-11-04,S018,Nagpur,P9660,Accessories,3,2066.99,15.0,1059.17,,Digital
INV100991,2023-04-07,S018,Patna,P8961,Clothing,3,3493.57,30.0,1785.95,,Digital
INV100992,2023-02-25,S020,Mysore,P9926,Accessories,3,2202.53,30.0,981.48,,Cash
INV100993,2023-08-14,S025,Lucknow,P7532,Accessories,1,557.18,10.0,266.69,,Card
INV100994,2024-06-01,S037,Lucknow,P2919,Clothing,5,3670.27,25.0,2369.58,,Digital
INV100995,2023-07-21,S043,Hubli,P8752,Accessories,4,663.61,,352.83,,Cash
INV100996,2024-03-11,S005,Chennai,P8474,Accessories,6,1414.22,0.0,610.67,New,Digital
INV100997,2024-07-11,S010,Surat,P4208,Clothing,1,964.52,20.0,518.24,New,Digital
INV100998,2024-06-15,S040,Mysore,P6474,Clothing,5,3994.61,10.0,2292.71,Returning,Cash
INV100999,2023-02-24,S007,Pune,P8455,Clothing,5,2955.85,0.0,1584.4,,Card
INV101000,2024-04-07,S013,Kota,P3327,Clothing,4,1141.31,20.0,702.77,New,Card
